Program Version:,EnergyPlus, Version 8.7.0-78a111df4a, YMD=2018.10.04 19:30
Tabular Output Report in Format: ,Comma

Building:,Building
Environment:,Shanghai Shanghai CHN CSWD WMO#=583620

----------------------------------------------------------------------------------------------------
REPORT:,Annual Building Utility Performance Summary
FOR:,Entire Facility
Values gathered over        24.00 hours
WARNING: THE REPORT DOES NOT REPRESENT A FULL ANNUAL SIMULATION.

Site and Source Energy

,,Total Energy [GJ],Energy Per Total Building Area [MJ/m2],Energy Per Conditioned Building Area [MJ/m2]
,Total Site Energy,0.43,0.47,0.47
,Net Site Energy,0.43,0.47,0.47
,Total Source Energy,1.38,1.48,1.48
,Net Source Energy,1.38,1.48,1.48


Site to Source Energy Conversion Factors

,,Site=>Source Conversion Factor
,Electricity,3.167
,Natural Gas,1.084
,District Cooling,1.056
,District Heating,3.613
,Steam,0.300
,Gasoline,1.050
,Diesel,1.050
,Coal,1.050
,Fuel Oil #1,1.050
,Fuel Oil #2,1.050
,Propane,1.050
,Other Fuel 1,1.000
,Other Fuel 2,1.000


Building Area

,,Area [m2]
,Total Building Area,927.20
,Net Conditioned Building Area,927.20
,Unconditioned Building Area,0.00


End Uses

,,Electricity [GJ],Natural Gas [GJ],Additional Fuel [GJ],District Cooling [GJ],District Heating [GJ],Water [m3]
,Heating,0.00,0.00,0.00,0.00,0.00,0.00
,Cooling,0.00,0.00,0.00,0.00,0.00,0.00
,Interior Lighting,0.29,0.00,0.00,0.00,0.00,0.00
,Exterior Lighting,0.00,0.00,0.00,0.00,0.00,0.00
,Interior Equipment,0.15,0.00,0.00,0.00,0.00,0.00
,Exterior Equipment,0.00,0.00,0.00,0.00,0.00,0.00
,Fans,0.00,0.00,0.00,0.00,0.00,0.00
,Pumps,0.00,0.00,0.00,0.00,0.00,0.00
,Heat Rejection,0.00,0.00,0.00,0.00,0.00,0.00
,Humidification,0.00,0.00,0.00,0.00,0.00,0.00
,Heat Recovery,0.00,0.00,0.00,0.00,0.00,0.00
,Water Systems,0.00,0.00,0.00,0.00,0.00,0.00
,Refrigeration,0.00,0.00,0.00,0.00,0.00,0.00
,Generators,0.00,0.00,0.00,0.00,0.00,0.00
,,,,,,,
,Total End Uses,0.43,0.00,0.00,0.00,0.00,0.00


End Uses By Subcategory

,,Subcategory,Electricity [GJ],Natural Gas [GJ],Additional Fuel [GJ],District Cooling [GJ],District Heating [GJ],Water [m3]
,Heating,Boiler,0.00,0.00,0.00,0.00,0.00,0.00
,,Boiler Parasitic,0.00,0.00,0.00,0.00,0.00,0.00
,Cooling,General,0.00,0.00,0.00,0.00,0.00,0.00
,Interior Lighting,GeneralLights,0.29,0.00,0.00,0.00,0.00,0.00
,Exterior Lighting,General,0.00,0.00,0.00,0.00,0.00,0.00
,Interior Equipment,General,0.15,0.00,0.00,0.00,0.00,0.00
,Exterior Equipment,General,0.00,0.00,0.00,0.00,0.00,0.00
,Fans,Ventilation (simple),0.00,0.00,0.00,0.00,0.00,0.00
,,General,0.00,0.00,0.00,0.00,0.00,0.00
,Pumps,General,0.00,0.00,0.00,0.00,0.00,0.00
,Heat Rejection,General,0.00,0.00,0.00,0.00,0.00,0.00
,Humidification,General,0.00,0.00,0.00,0.00,0.00,0.00
,Heat Recovery,General,0.00,0.00,0.00,0.00,0.00,0.00
,Water Systems,General,0.00,0.00,0.00,0.00,0.00,0.00
,Refrigeration,General,0.00,0.00,0.00,0.00,0.00,0.00
,Generators,General,0.00,0.00,0.00,0.00,0.00,0.00


Normalized Metrics
Utility Use Per Conditioned Floor Area

,,Electricity Intensity [MJ/m2],Natural Gas Intensity [MJ/m2],Additional Fuel Intensity [MJ/m2],District Cooling Intensity [MJ/m2],District Heating Intensity [MJ/m2],Water Intensity [m3/m2]
,Lighting,0.31,0.00,0.00,0.00,0.00,0.00
,HVAC,0.00,0.00,0.00,0.00,0.00,0.00
,Other,0.16,0.00,0.00,0.00,0.00,0.00
,Total,0.47,0.00,0.00,0.00,0.00,0.00


Utility Use Per Total Floor Area

,,Electricity Intensity [MJ/m2],Natural Gas Intensity [MJ/m2],Additional Fuel Intensity [MJ/m2],District Cooling Intensity [MJ/m2],District Heating Intensity [MJ/m2],Water Intensity [m3/m2]
,Lighting,0.31,0.00,0.00,0.00,0.00,0.00
,HVAC,0.00,0.00,0.00,0.00,0.00,0.00
,Other,0.16,0.00,0.00,0.00,0.00,0.00
,Total,0.47,0.00,0.00,0.00,0.00,0.00


Electric Loads Satisfied

,,Electricity [GJ],Percent Electricity [%]
,Fuel-Fired Power Generation,0.000,0.00
,High Temperature Geothermal*,0.000,0.00
,Photovoltaic Power,0.000,0.00
,Wind Power,0.000,0.00
,Power Conversion,0.000,0.00
,Net Decrease in On-Site Storage,0.000,0.00
,Total On-Site Electric Sources,0.000,0.00
,,,
,Electricity Coming From Utility,0.435,100.00
,Surplus Electricity Going To Utility,0.000,0.00
,Net Electricity From Utility,0.435,100.00
,,,
,Total On-Site and Utility Electric Sources,0.435,100.00
,Total Electricity End Uses,0.435,100.00


On-Site Thermal Sources

,,Heat [GJ],Percent Heat [%]
,Water-Side Heat Recovery,0.00,
,Air to Air Heat Recovery for Cooling,0.00,
,Air to Air Heat Recovery for Heating,0.00,
,High-Temperature Geothermal*,0.00,
,Solar Water Thermal,0.00,
,Solar Air Thermal,0.00,
,Total On-Site Thermal Sources,0.00,


Water Source Summary

,,Water [m3],Percent Water [%]
,Rainwater Collection,0.00,-
,Condensate Collection,0.00,-
,Groundwater Well,0.00,-
,Total On Site Water Sources,0.00,-
,-,-,-
,Initial Storage,0.00,-
,Final Storage,0.00,-
,Change in Storage,0.00,-
,-,-,-
,Water Supplied by Utility,0.00,-
,-,-,-
,Total On Site, Change in Storage, and Utility Water Sources,0.00,-
,Total Water End Uses,0.00,-


Setpoint Not Met Criteria

,,Degrees [deltaC]
,Tolerance for Zone Heating Setpoint Not Met Time,0.20
,Tolerance for Zone Cooling Setpoint Not Met Time,0.20


Comfort and Setpoint Not Met Summary

,,Facility [Hours]
,Time Setpoint Not Met During Occupied Heating,0.00
,Time Setpoint Not Met During Occupied Cooling,10.00
,Time Not Comfortable Based on Simple ASHRAE 55-2004,10.00


Note 1: An asterisk (*) indicates that the feature is not yet implemented.
----------------------------------------------------------------------------------------------------
REPORT:,Input Verification and Results Summary
FOR:,Entire Facility
General

,,Value
,Program Version and Build,EnergyPlus, Version 8.7.0-78a111df4a, YMD=2018.10.04 19:30
,RunPeriod,Shanghai Shanghai CHN CSWD WMO#=583620
,Weather File,Shanghai Shanghai CHN CSWD WMO#=583620
,Latitude [deg],31.40
,Longitude [deg],121.45
,Elevation [m],5.50
,Time Zone,8.00
,North Axis Angle [deg],30.00
,Rotation for Appendix G [deg],0.00
,Hours Simulated [hrs],24.00


ENVELOPE
Window-Wall Ratio

,,Total,North (315 to 45 deg),East (45 to 135 deg),South (135 to 225 deg),West (225 to 315 deg)
,Gross Wall Area [m2],274.20,91.50,45.60,91.50,45.60
,Above Ground Wall Area [m2],274.20,91.50,45.60,91.50,45.60
,Window Opening Area [m2],60.90,20.85,9.12,21.81,9.12
,Gross Window-Wall Ratio [%],22.21,22.79,20.00,23.84,20.00
,Above Ground Window-Wall Ratio [%],22.21,22.79,20.00,23.84,20.00


Conditioned Window-Wall Ratio

,,Total,North (315 to 45 deg),East (45 to 135 deg),South (135 to 225 deg),West (225 to 315 deg)
,Gross Wall Area [m2],274.20,91.50,45.60,91.50,45.60
,Above Ground Wall Area [m2],274.20,91.50,45.60,91.50,45.60
,Window Opening Area [m2],60.90,20.85,9.12,21.81,9.12
,Gross Window-Wall Ratio [%],22.21,22.79,20.00,23.84,20.00
,Above Ground Window-Wall Ratio [%],22.21,22.79,20.00,23.84,20.00


Skylight-Roof Ratio

,,Total
,Gross Roof Area [m2],463.60
,Skylight Area [m2],0.00
,Skylight-Roof Ratio [%],0.00


PERFORMANCE
Zone Summary

,,Area [m2],Conditioned (Y/N),Part of Total Floor Area (Y/N),Volume [m3],Multipliers,Above Ground Gross Wall Area [m2],Underground Gross Wall Area [m2],Window Glass Area [m2],Opening Area [m2],Lighting [W/m2],People [m2 per person],Plug and Process [W/m2]
,PLENUM-1,463.60,Yes,Yes,283.20,1.00,54.84,0.00,0.00,0.00,0.0000,,0.0000
,SPACE1-1,99.16,Yes,Yes,239.25,1.00,73.20,0.00,21.81,21.81,15.9742,9.01,10.6495
,SPACE2-1,42.73,Yes,Yes,103.31,1.00,36.48,0.00,9.12,9.12,9.0000,8.55,20.6704
,SPACE3-1,96.48,Yes,Yes,239.25,1.00,73.20,0.00,20.85,20.85,16.4179,8.77,10.9453
,SPACE4-1,42.73,Yes,Yes,103.31,1.00,36.48,0.00,9.12,9.12,16.0056,8.55,10.6704
,SPACE5-1,182.49,Yes,Yes,447.68,1.00,0.00,0.00,0.00,0.00,16.2420,9.12,10.8280
,Total,927.20,,,1416.00,,274.20,0.00,60.90,60.90,7.7660,17.83,5.8535
,Conditioned Total,927.20,,,1416.00,,274.20,0.00,60.90,60.90,7.7660,17.83,5.8535
,Unconditioned Total,0.00,,,0.00,,0.00,0.00,0.00,0.00,,,
,Not Part of Total,0.00,,,0.00,,0.00,0.00,0.00,0.00,,,


----------------------------------------------------------------------------------------------------
REPORT:,Demand End Use Components Summary
FOR:,Entire Facility
End Uses

,,Electricity [W],Natural Gas [W],Propane [W],District Cooling [W],Steam [W],Water [m3/s]
,Time of Peak,14-JUL-10:05,-,-,-,-,-
,Heating,0.00,0.00,0.00,0.00,0.00,0.00
,Cooling,0.00,0.00,0.00,0.00,0.00,0.00
,Interior Lighting,7200.61,0.00,0.00,0.00,0.00,0.00
,Exterior Lighting,0.00,0.00,0.00,0.00,0.00,0.00
,Interior Equipment,4500.00,0.00,0.00,0.00,0.00,0.00
,Exterior Equipment,0.00,0.00,0.00,0.00,0.00,0.00
,Fans,0.00,0.00,0.00,0.00,0.00,0.00
,Pumps,0.00,0.00,0.00,0.00,0.00,0.00
,Heat Rejection,0.00,0.00,0.00,0.00,0.00,0.00
,Humidification,0.00,0.00,0.00,0.00,0.00,0.00
,Heat Recovery,0.00,0.00,0.00,0.00,0.00,0.00
,Water Systems,0.00,0.00,0.00,0.00,0.00,0.00
,Refrigeration,0.00,0.00,0.00,0.00,0.00,0.00
,Generators,0.00,0.00,0.00,0.00,0.00,0.00
,,,,,,,
,Total End Uses,11700.61,0.00,0.00,0.00,0.00,0.00


End Uses By Subcategory

,,Subcategory,Electricity [W],Natural Gas [W],Propane [W],District Cooling [W],Steam [W],Water [m3/s]
,Heating,Boiler,0.00,0.00,0.00,0.00,0.00,0.00
,,Boiler Parasitic,0.00,0.00,0.00,0.00,0.00,0.00
,Cooling,General,0.00,0.00,0.00,0.00,0.00,0.00
,Interior Lighting,GeneralLights,7200.61,0.00,0.00,0.00,0.00,0.00
,Exterior Lighting,General,0.00,0.00,0.00,0.00,0.00,0.00
,Interior Equipment,General,4500.00,0.00,0.00,0.00,0.00,0.00
,Exterior Equipment,General,0.00,0.00,0.00,0.00,0.00,0.00
,Fans,Ventilation (simple),0.00,0.00,0.00,0.00,0.00,0.00
,,General,0.00,0.00,0.00,0.00,0.00,0.00
,Pumps,General,0.00,0.00,0.00,0.00,0.00,0.00
,Heat Rejection,General,0.00,0.00,0.00,0.00,0.00,0.00
,Humidification,General,0.00,0.00,0.00,0.00,0.00,0.00
,Heat Recovery,General,0.00,0.00,0.00,0.00,0.00,0.00
,Water Systems,General,0.00,0.00,0.00,0.00,0.00,0.00
,Refrigeration,General,0.00,0.00,0.00,0.00,0.00,0.00
,Generators,General,0.00,0.00,0.00,0.00,0.00,0.00


----------------------------------------------------------------------------------------------------
REPORT:,Source Energy End Use Components Summary
FOR:,Entire Facility
Values gathered over        24.00 hours
WARNING: THE REPORT DOES NOT REPRESENT A FULL ANNUAL SIMULATION.

Source Energy End Use Components Summary

,,Source Electricity [GJ],Source Natural Gas [GJ],Source Additional Fuel [GJ],Source District Cooling [GJ],Source District Heating [GJ]
,Heating,0.00,0.00,0.00,0.00,0.00
,Cooling,0.00,0.00,0.00,0.00,0.00
,Interior Lighting,0.91,0.00,0.00,0.00,0.00
,Exterior Lighting,0.00,0.00,0.00,0.00,0.00
,Interior Equipment,0.47,0.00,0.00,0.00,0.00
,Exterior Equipment,0.00,0.00,0.00,0.00,0.00
,Fans,0.00,0.00,0.00,0.00,0.00
,Pumps,0.00,0.00,0.00,0.00,0.00
,Heat Rejection,0.00,0.00,0.00,0.00,0.00
,Humidification,0.00,0.00,0.00,0.00,0.00
,Heat Recovery,0.00,0.00,0.00,0.00,0.00
,Water Systems,0.00,0.00,0.00,0.00,0.00
,Refrigeration,0.00,0.00,0.00,0.00,0.00
,Generators,0.00,0.00,0.00,0.00,0.00
,,,,,,
,Total Source Energy End Use Components,1.38,0.00,0.00,0.00,0.00


Normalized Metrics
Source Energy End Use Components Per Conditioned Floor Area

,,Source Electricity [MJ/m2],Source Natural Gas [MJ/m2],Source Additional Fuel [MJ/m2],Source District Cooling [MJ/m2],Source District Heating [MJ/m2]
,Heating,0.00,0.00,0.00,0.00,0.00
,Cooling,0.00,0.00,0.00,0.00,0.00
,Interior Lighting,0.98,0.00,0.00,0.00,0.00
,Exterior Lighting,0.00,0.00,0.00,0.00,0.00
,Interior Equipment,0.51,0.00,0.00,0.00,0.00
,Exterior Equipment,0.00,0.00,0.00,0.00,0.00
,Fans,0.00,0.00,0.00,0.00,0.00
,Pumps,0.00,0.00,0.00,0.00,0.00
,Heat Rejection,0.00,0.00,0.00,0.00,0.00
,Humidification,0.00,0.00,0.00,0.00,0.00
,Heat Recovery,0.00,0.00,0.00,0.00,0.00
,Water Systems,0.00,0.00,0.00,0.00,0.00
,Refrigeration,0.00,0.00,0.00,0.00,0.00
,Generators,0.00,0.00,0.00,0.00,0.00
,,,,,,
,Total Source Energy End Use Components,1.48,0.00,0.00,0.00,0.00


Source Energy End Use Components Per Total Floor Area

,,Source Electricity [MJ/m2],Source Natural Gas [MJ/m2],Source Additional Fuel [MJ/m2],Source District Cooling [MJ/m2],Source District Heating [MJ/m2]
,Heating,0.00,0.00,0.00,0.00,0.00
,Cooling,0.00,0.00,0.00,0.00,0.00
,Interior Lighting,0.98,0.00,0.00,0.00,0.00
,Exterior Lighting,0.00,0.00,0.00,0.00,0.00
,Interior Equipment,0.51,0.00,0.00,0.00,0.00
,Exterior Equipment,0.00,0.00,0.00,0.00,0.00
,Fans,0.00,0.00,0.00,0.00,0.00
,Pumps,0.00,0.00,0.00,0.00,0.00
,Heat Rejection,0.00,0.00,0.00,0.00,0.00
,Humidification,0.00,0.00,0.00,0.00,0.00
,Heat Recovery,0.00,0.00,0.00,0.00,0.00
,Water Systems,0.00,0.00,0.00,0.00,0.00
,Refrigeration,0.00,0.00,0.00,0.00,0.00
,Generators,0.00,0.00,0.00,0.00,0.00
,,,,,,
,Total Source Energy End Use Components,1.48,0.00,0.00,0.00,0.00


----------------------------------------------------------------------------------------------------
REPORT:,Climatic Data Summary
FOR:,Entire Facility
SizingPeriod:DesignDay

,,Maximum Dry Bulb [C],Daily Temperature Range [deltaC],Humidity Value,Humidity Type,Wind Speed [m/s],Wind Direction
,BEIJING ANN HTG 99.6% CONDNS DB,-10.80,0.00,-10.80,Wetbulb [C],2.20,340.00
,BEIJING ANN CLG .4% CONDNS DB=>MWB,34.90,8.90,22.20,Wetbulb [C],3.40,180.00


Weather Statistics File

,,Value
,Reference,CHN_SH_Shanghai.583620_CSWD
,Site:Location,Shanghai Shanghai CHN
,Latitude,{N 31° 24.00'}
,Longitude,{E 121° 27.00'}
,Time Zone,{GMT +8.0 Hours}
,Elevation (m) above sea level,6
,Standard Pressure at Elevation,101259 Pa
,Data Source,CSWD
,WMO Station,583620
,Weather File Design Conditions,Climate Design Data 2017 ASHRAE Handbook
,Heating Design Temperature 99.6% (C),-2.1°
,Heating Design Temperature 99% (C),-0.7°
,Cooling Design Temperature 0.4% (C),35.3°
,Cooling Design Temperature 1% (C),34°
,Cooling Design Temperature 2% (C),32.8°
,ASHRAE Climate Zone,3A
,ASHRAE Description,Warm-Humid
,Maximum Dry Bulb Temperature (C),36.°
,Maximum Dry Bulb Occurs on,Jun 29
,Minimum Dry Bulb Temperature (C),-4.°
,Minimum Dry Bulb Occurs on,Dec 20
,Maximum Dew Point Temperature (C),29.°
,Maximum Dew Point Occurs on,Jul 16
,Minimum Dew Point Temperature (C),-16.°
,Minimum Dew Point Occurs on,Dec 21
,Köppen Classification,Cfa
,Köppen Description,Humid subtropical (mild with no dry season, hot summer, lat. 20-35°N)
,Köppen Recommendation,


----------------------------------------------------------------------------------------------------
REPORT:,Envelope Summary
FOR:,Entire Facility
Opaque Exterior

,,Construction,Reflectance,U-Factor with Film [W/m2-K],U-Factor no Film [W/m2-K],Gross Area [m2],Net Area [m2],Azimuth [deg],Tilt [deg],Cardinal Direction
,WALL-1PF,WALL-1,0.22,0.384,0.408,18.30,18.30,210.00,90.00,S
,WALL-1PR,WALL-1,0.22,0.384,0.408,9.12,9.12,120.00,90.00,E
,WALL-1PB,WALL-1,0.22,0.384,0.408,18.30,18.30,30.00,90.00,N
,WALL-1PL,WALL-1,0.22,0.384,0.408,9.12,9.12,300.00,90.00,W
,TOP-1,ROOF-1,0.35,0.271,0.282,463.60,463.60,210.00,0.00,
,FRONT-1,WALL-1,0.22,0.384,0.408,73.20,51.39,210.00,90.00,S
,F1-1,FLOOR-SLAB-1,0.35,4.174,12.894,99.16,99.16,30.00,180.00,
,RIGHT-1,WALL-1,0.22,0.384,0.408,36.48,27.36,120.00,90.00,E
,F2-1,FLOOR-SLAB-1,0.35,4.174,12.894,42.73,42.73,300.00,180.00,
,BACK-1,WALL-1,0.22,0.384,0.408,73.20,52.35,30.00,90.00,N
,F3-1,FLOOR-SLAB-1,0.35,4.174,12.894,96.48,96.48,74.22,180.00,
,LEFT-1,WALL-1,0.22,0.384,0.408,36.48,27.36,300.00,90.00,W
,F4-1,FLOOR-SLAB-1,0.35,4.174,12.894,42.73,42.73,120.00,180.00,
,F5-1,FLOOR-SLAB-1,0.35,4.174,12.894,182.49,182.49,30.00,180.00,


Exterior Fenestration

,,Construction,Glass Area [m2],Frame Area [m2],Divider Area [m2],Area of One Opening [m2],Area of Multiplied Openings [m2],Glass U-Factor [W/m2-K],Glass SHGC,Glass Visible Transmittance,Frame Conductance [W/m2-K],Divider Conductance [W/m2-K],Shade Control,Parent Surface,Azimuth [deg],Tilt [deg],Cardinal Direction
,WF-1,DBL CLR 3MM/13MM AIR,16.56,0.00,0.00,16.56,16.56,1.626,0.421,0.682,,,No,FRONT-1,210.00,90.00,S
,DF-1,SGL GREY 3MM,5.25,0.00,0.00,5.25,5.25,1.626,0.421,0.682,,,No,FRONT-1,210.00,90.00,S
,WR-1,WIN-CON-DOUBLEPANE,9.12,0.00,0.00,9.12,9.12,1.898,0.568,0.745,,,Yes,RIGHT-1,120.00,90.00,E
,WB-1,DBL CLR 3MM/13MM AIR,16.44,0.00,0.00,16.44,16.44,1.626,0.421,0.682,,,No,BACK-1,30.00,90.00,N
,DB-1,SGL GREY 3MM,4.41,0.00,0.00,4.41,4.41,1.626,0.421,0.682,,,No,BACK-1,30.00,90.00,N
,WL-1,DBL CLR 3MM/13MM AIR,9.12,0.00,0.00,9.12,9.12,1.626,0.421,0.682,,,No,LEFT-1,300.00,90.00,W
,Total or Average,,,,,,60.90,1.667,0.443,0.692,,,,,,,
,North Total or Average,,,,,,20.85,1.626,0.421,0.682,,,,,,,
,Non-North Total or Average,,,,,,40.05,1.688,0.455,0.696,,,,,,,


Interior Fenestration

,,Construction,Area of One Opening [m2],Area of Openings [m2],Glass U-Factor [W/m2-K],Glass SHGC,Glass Visible Transmittance,Parent Surface
,Total or Average,,,0.00,-,-,-,


Exterior Door

,,Construction,U-Factor with Film [W/m2-K],U-Factor no Film [W/m2-K],Gross Area [m2],Parent Surface
,None,,,,,


----------------------------------------------------------------------------------------------------
REPORT:,Shading Summary
FOR:,Entire Facility
Sunlit Fraction

,,March 21 9am,March 21 noon,March 21 3pm,June 21 9am,June 21 noon,June 21 3pm,December 21 9am,December 21 noon,December 21 3pm
,None,,,,,,,,,


Window Control

,,Name,Type,Shaded Construction,Control,Glare Control
,WR-1,DOUBLE PANE BETWEEN-GLASS BLIND,Between Glass Blind,WIN-CON-DOUBLEPANE WITH BETWEEN-GLASS BLIND,AlwaysOn,No


----------------------------------------------------------------------------------------------------
REPORT:,Lighting Summary
FOR:,Entire Facility
Interior Lighting

,,Zone,Lighting Power Density [W/m2],Zone Area [m2],Total Power [W],End Use Subcategory,Schedule Name,Scheduled Hours/Week [hr],Hours/Week > 1% [hr],Full Load Hours/Week [hr],Return Air Fraction,Conditioned (Y/N),Consumption [GJ]
,SPACE1-1 LIGHTS 1,SPACE1-1,15.9742,99.16,1584.00,GeneralLights,LIGHTS-1,57.70,167.42,77.32,0.2000,Y,0.06
,SPACE2-1 LIGHTS 1,SPACE2-1,9.0000,42.73,384.61,GeneralLights,LIGHTS-1,57.70,167.42,77.32,0.2000,Y,0.02
,SPACE3-1 LIGHTS 1,SPACE3-1,16.4179,96.48,1584.00,GeneralLights,LIGHTS-1,57.70,167.42,77.32,0.2000,Y,0.06
,SPACE4-1 LIGHTS 1,SPACE4-1,16.0056,42.73,684.00,GeneralLights,LIGHTS-1,57.70,167.42,77.32,0.2000,Y,0.03
,SPACE5-1 LIGHTS 1,SPACE5-1,16.2420,182.49,2964.00,GeneralLights,LIGHTS-1,57.70,167.42,77.32,0.2000,Y,0.12
,Interior Lighting Total,,15.5320,463.60,7200.61,,,,,,,,0.29


Daylighting

,,Zone,Control Name,Daylighting Method,Control Type,Fraction Controlled,Lighting Installed in Zone [W],Lighting Controlled [W]
,None,,,,,,,


Exterior Lighting

,,Total Watts,Astronomical Clock/Schedule,Schedule Name,Scheduled Hours/Week [hr],Hours/Week > 1% [hr],Full Load Hours/Week [hr],Consumption [GJ]
,Exterior Lighting Total,0.00,,,,,,0.00


----------------------------------------------------------------------------------------------------
REPORT:,Equipment Summary
FOR:,Entire Facility
Central Plant

,,Type,Nominal Capacity [W],Nominal Efficiency [W/W],IPLV in SI Units [W/W],IPLV in IP Units [Btu/W-h]
,CENTRAL BOILER,Boiler:HotWater,85021.77,0.80,,
,CENTRAL CHILLER,Chiller:Electric,51754.43,3.20,,


Cooling Coils

,,Type,Design Coil Load [W],Nominal Total Capacity [W],Nominal Sensible Capacity [W],Nominal Latent Capacity [W],Nominal Sensible Heat Ratio,Nominal Efficiency [W/W],Nominal Coil UA Value [W/C],Nominal Coil Surface Area [m2]
,MAIN COOLING COIL 1,Coil:Cooling:Water,0.00,54540.44,38052.50,16487.94,0.70,-,6074.30,61.61
Nominal values are gross at rated conditions, i.e., the supply air fan heat and electric power NOT accounted for.


DX Cooling Coils

,,DX Cooling Coil Type,Standard Rated Net Cooling Capacity [W],Standard Rated Net COP [W/W],EER [Btu/W-h],SEER [Btu/W-h],IEER [Btu/W-h]
,None,,,,,,


DX Cooling Coil ASHRAE 127 Standard Ratings Report

,,DX Cooling Coil Type,Rated Net Cooling Capacity Test A [W],Rated Electric Power Test A [W],Rated Net Cooling Capacity Test B [W],Rated Electric Power Test B [W],Rated Net Cooling Capacity Test C [W],Rated Electric Power Test C [W],Rated Net Cooling Capacity Test D [W],Rated Electric Power Test D [W]
,None,,,,,,,,,


DX Heating Coils

,,DX Heating Coil Type,High Temperature Heating (net) Rating Capacity [W],Low Temperature Heating (net) Rating Capacity [W],HSPF [Btu/W-h],Region Number
,None,,,,,


Heating Coils

,,Type,Design Coil Load [W],Nominal Total Capacity [W],Nominal Efficiency [W/W]
,SPACE1-1 ZONE COIL,Coil:Heating:Water,0.00,20192.49,-
,SPACE2-1 ZONE COIL,Coil:Heating:Water,0.00,15963.37,-
,SPACE3-1 ZONE COIL,Coil:Heating:Water,0.00,19854.89,-
,SPACE4-1 ZONE COIL,Coil:Heating:Water,0.00,13523.67,-
,SPACE5-1 ZONE COIL,Coil:Heating:Water,0.00,5582.96,-
,MAIN HEATING COIL 1,Coil:Heating:Water,0.00,13465.16,-
Nominal values are gross at rated conditions, i.e., the supply air fan heat and electric power NOT accounted for.


Fans

,,Type,Total Efficiency [W/W],Delta Pressure [pa],Max Air Flow Rate [m3/s],Rated Electric Power [W],Rated Power Per Max Air Flow Rate [W-s/m3],Motor Heat In Air Fraction,End Use
,SPACE1-1 PIU FAN,Fan:ConstantVolume,0.50,50.00,0.50,50.00,100.00,1.00,General
,SPACE2-1 PIU FAN,Fan:ConstantVolume,0.50,50.00,0.35,35.00,100.00,1.00,General
,SPACE3-1 PIU FAN,Fan:ConstantVolume,0.50,50.00,0.49,49.00,100.00,1.00,General
,SPACE4-1 PIU FAN,Fan:ConstantVolume,0.50,50.00,0.28,28.00,100.00,1.00,General
,RELIEF FAN 1,Fan:VariableVolume,0.70,125.00,2.28,407.14,178.57,1.00,General
,SUPPLY FAN 1,Fan:VariableVolume,0.70,600.00,2.28,1954.29,857.14,1.00,General


Pumps

,,Type,Control,Head [pa],Water Flow [m3/s],Electric Power [W],Power Per Water Flow Rate [W-s/m3],Motor Efficiency [W/W]
,HW CIRC PUMP,Pump:VariableSpeed,Intermittent,179352.00,0.002000,470.15,235075.00,0.90
,CW CIRC PUMP,Pump:VariableSpeed,Intermittent,179352.00,0.002000,472.28,236140.00,0.90


Service Water Heating

,,Type,Storage Volume [m3],Input [W],Thermal Efficiency [W/W],Recovery Efficiency [W/W],Energy Factor
,None,,,,,,


----------------------------------------------------------------------------------------------------
REPORT:,HVAC Sizing Summary
FOR:,Entire Facility
Zone Sensible Cooling

,,Calculated Design Load [W],User Design Load [W],User Design Load per Area [W/m2],Calculated Design Air Flow [m3/s],User Design Air Flow [m3/s],Design Day Name,Date/Time Of Peak {TIMESTAMP},Thermostat Setpoint Temperature at Peak Load [C],Indoor Temperature at Peak Load [C],Indoor Humidity Ratio at Peak Load [kgWater/kgAir],Outdoor Temperature at Peak Load [C],Outdoor Humidity Ratio at Peak Load [kgWater/kgAir],Minimum Outdoor Air Flow Rate [m3/s],Heat Gain Rate from DOAS [W]
,None,,,,,,,,,,,,,,
The Design Load is the zone sensible load only. It does not include any system effects or ventilation loads.


Zone Sensible Heating

,,Calculated Design Load [W],User Design Load [W],User Design Load per Area [W/m2],Calculated Design Air Flow [m3/s],User Design Air Flow [m3/s],Design Day Name,Date/Time Of Peak {TIMESTAMP},Thermostat Setpoint Temperature at Peak Load [C],Indoor Temperature at Peak Load [C],Indoor Humidity Ratio at Peak Load [kgWater/kgAir],Outdoor Temperature at Peak Load [C],Outdoor Humidity Ratio at Peak Load [kgWater/kgAir],Minimum Outdoor Air Flow Rate [m3/s],Heat Gain Rate from DOAS [W]
,None,,,,,,,,,,,,,,
The Design Load is the zone sensible load only. It does not include any system effects or ventilation loads.


System Design Air Flow Rates

,,Calculated cooling [m3/s],User cooling [m3/s],Calculated heating [m3/s],User heating [m3/s]
,None,,,,


Plant Loop Coincident Design Fluid Flow Rate Adjustments

,,Previous Design Volume Flow Rate [m3/s],Algorithm Volume Flow Rate [m3/s],Coincident Design Volume Flow Rate [m3/s],Coincident Size Adjusted,Peak Sizing Period Name,Peak Day into Period {TIMESTAMP}[day],Peak Hour Of Day {TIMESTAMP}[hr],Peak Step Start Minute {TIMESTAMP}[min]
,None,,,,,,,,


----------------------------------------------------------------------------------------------------
REPORT:,System Summary
FOR:,Entire Facility
Economizer

,,High Limit Shutoff Control,Minimum Outdoor Air [m3/s],Maximum Outdoor Air [m3/s],Return Air Temp Limit,Return Air Enthalpy Limit,Outdoor Air Temperature Limit [C],Outdoor Air Enthalpy Limit [C]
,OA CONTROLLER 1,FixedDryBulb,0.49,2.28,-,,,


Demand Controlled Ventilation using Controller:MechanicalVentilation

,,Controller:MechanicalVentilation Name,Outdoor Air Per Person [m3/s-person],Outdoor Air Per Area [m3/s-m2],Outdoor Air Per Zone [m3/s],Outdoor Air ACH [ach],Outdoor Air Method,Outdoor Air Schedule Name,Air Distribution Effectiveness in Cooling Mode,Air Distribution Effectiveness in Heating Mode,Air Distribution Effectiveness Schedule Name
,None,,,,,,,,,,


Time Not Comfortable Based on Simple ASHRAE 55-2004

,,Winter Clothes [hr],Summer Clothes [hr],Summer or Winter Clothes [hr]
,SPACE1-1,10.00,10.00,10.00
,SPACE2-1,10.00,10.00,10.00
,SPACE3-1,10.00,10.00,10.00
,SPACE4-1,10.00,10.00,10.00
,SPACE5-1,10.00,10.00,10.00
,PLENUM-1,0.00,0.00,0.00
,Facility,10.00,10.00,10.00
Aggregated over the RunPeriods for Weather


Time Setpoint Not Met

,,During Heating [hr],During Cooling [hr],During Occupied Heating [hr],During Occupied Cooling [hr]
,SPACE1-1,0.00,10.00,0.00,10.00
,SPACE2-1,0.00,10.00,0.00,10.00
,SPACE3-1,0.00,10.00,0.00,10.00
,SPACE4-1,0.00,10.00,0.00,10.00
,SPACE5-1,0.00,10.00,0.00,10.00
,PLENUM-1,0.00,0.00,0.00,0.00
,Facility,0.00,10.00,0.00,10.00
Aggregated over the RunPeriods for Weather


----------------------------------------------------------------------------------------------------
REPORT:,Outdoor Air Summary
FOR:,Entire Facility
Average Outdoor Air During Occupied Hours

,,Average Number of Occupants,Nominal Number of Occupants,Zone Volume [m3],Mechanical Ventilation [ach],Infiltration [ach],AFN Infiltration [ach],Simple Ventilation [ach]
,SPACE1-1,9.90,11.00,239.25,0.000,0.000,0.000,0.000
,SPACE2-1,4.50,5.00,103.31,0.000,0.006,0.000,0.000
,SPACE3-1,9.90,11.00,239.25,0.000,0.000,0.000,0.000
,SPACE4-1,4.50,5.00,103.31,0.000,0.000,0.000,0.000
,SPACE5-1,18.00,20.00,447.68,0.000,0.000,0.000,0.000
Values shown for a single zone without multipliers


Minimum Outdoor Air During Occupied Hours

,,Average Number of Occupants,Nominal Number of Occupants,Zone Volume [m3],Mechanical Ventilation [ach],Infiltration [ach],AFN Infiltration [ach],Simple Ventilation [ach]
,SPACE1-1,9.90,11.00,239.25,0.000,0.000,0.000,0.000
,SPACE2-1,4.50,5.00,103.31,0.000,0.000,0.000,0.000
,SPACE3-1,9.90,11.00,239.25,0.000,0.000,0.000,0.000
,SPACE4-1,4.50,5.00,103.31,0.000,0.000,0.000,0.000
,SPACE5-1,18.00,20.00,447.68,0.000,0.000,0.000,0.000
Values shown for a single zone without multipliers


----------------------------------------------------------------------------------------------------
REPORT:,Object Count Summary
FOR:,Entire Facility
Surfaces by Class

,,Total,Outdoors
,Wall,24,8
,Floor,10,5
,Roof,6,1
,Internal Mass,1,0
,Building Detached Shading,0,0
,Fixed Detached Shading,0,0
,Window,6,6
,Door,0,0
,Glass Door,2,2
,Shading,4,4
,Overhang,0,0
,Fin,0,0
,Tubular Daylighting Device Dome,0,0
,Tubular Daylighting Device Diffuser,0,0


HVAC

,,Count
,HVAC Air Loops,1
,Conditioned Zones,6
,Unconditioned Zones,0
,Supply Plenums,0
,Return Plenums,1


Input Fields

,,Count
,IDF Objects,354
,Defaulted Fields,38
,Fields with Defaults,799
,Autosized Fields,3
,Autosizable Fields,74
,Autocalculated Fields,7
,Autocalculatable Fields,113


----------------------------------------------------------------------------------------------------
REPORT:,Energy Meters
FOR:,Entire Facility
Annual and Peak Values - Electricity

,,Electricity Annual Value [GJ],Electricity Minimum Value [W],Timestamp of Minimum {TIMESTAMP},Electricity Maximum Value [W],Timestamp of Maximum {TIMESTAMP}
,Electricity:Facility,0.43,460.03,14-JUL-00:05,11700.61,14-JUL-10:05
,Electricity:Building,0.43,460.03,14-JUL-00:05,11700.61,14-JUL-10:05
,Electricity:Zone:SPACE1-1,0.09,100.32,14-JUL-00:05,2534.40,14-JUL-10:05
,InteriorLights:Electricity,0.29,360.03,14-JUL-00:05,7200.61,14-JUL-10:05
,InteriorLights:Electricity:Zone:SPACE1-1,0.06,79.20,14-JUL-00:05,1584.00,14-JUL-10:05
,GeneralLights:InteriorLights:Electricity,0.29,360.03,14-JUL-00:05,7200.61,14-JUL-10:05
,Electricity:Zone:SPACE2-1,0.03,28.35,14-JUL-00:05,795.01,14-JUL-10:05
,InteriorLights:Electricity:Zone:SPACE2-1,0.02,19.23,14-JUL-00:05,384.61,14-JUL-10:05
,Electricity:Zone:SPACE3-1,0.09,100.32,14-JUL-00:05,2534.40,14-JUL-10:05
,InteriorLights:Electricity:Zone:SPACE3-1,0.06,79.20,14-JUL-00:05,1584.00,14-JUL-10:05
,Electricity:Zone:SPACE4-1,0.04,43.32,14-JUL-00:05,1094.40,14-JUL-10:05
,InteriorLights:Electricity:Zone:SPACE4-1,0.03,34.20,14-JUL-00:05,684.00,14-JUL-10:05
,Electricity:Zone:SPACE5-1,0.18,187.72,14-JUL-00:05,4742.40,14-JUL-10:05
,InteriorLights:Electricity:Zone:SPACE5-1,0.12,148.20,14-JUL-00:05,2964.00,14-JUL-10:05
,InteriorEquipment:Electricity,0.15,100.00,14-JUL-00:05,4500.00,14-JUL-09:05
,InteriorEquipment:Electricity:Zone:SPACE2-1,0.01,9.12,14-JUL-00:05,410.40,14-JUL-09:05
,General:InteriorEquipment:Electricity,0.15,100.00,14-JUL-00:05,4500.00,14-JUL-09:05
,InteriorEquipment:Electricity:Zone:SPACE1-1,0.03,21.12,14-JUL-00:05,950.40,14-JUL-09:05
,InteriorEquipment:Electricity:Zone:SPACE3-1,0.03,21.12,14-JUL-00:05,950.40,14-JUL-09:05
,InteriorEquipment:Electricity:Zone:SPACE4-1,0.01,9.12,14-JUL-00:05,410.40,14-JUL-09:05
,InteriorEquipment:Electricity:Zone:SPACE5-1,0.06,39.52,14-JUL-00:05,1778.40,14-JUL-09:05
,Fans:Electricity,0.00,0.00,14-JUL-00:05,0.00,14-JUL-00:05
,Fans:Electricity:Zone:SPACE1-1,0.00,0.00,14-JUL-00:05,0.00,14-JUL-00:05
,Ventilation (simple):Fans:Electricity,0.00,0.00,14-JUL-00:05,0.00,14-JUL-00:05
,Fans:Electricity:Zone:SPACE3-1,0.00,0.00,14-JUL-00:05,0.00,14-JUL-00:05
,Fans:Electricity:Zone:SPACE4-1,0.00,0.00,14-JUL-00:05,0.00,14-JUL-00:05
,Fans:Electricity:Zone:SPACE5-1,0.00,0.00,14-JUL-00:05,0.00,14-JUL-00:05
,Electricity:HVAC,0.00,0.00,14-JUL-00:05,0.00,14-JUL-00:05
,General:Fans:Electricity,0.00,0.00,14-JUL-00:05,0.00,14-JUL-00:05
,ElectricityPurchased:Facility,0.43,460.03,14-JUL-00:05,11700.61,14-JUL-10:05
,ElectricityPurchased:Plant,0.43,460.03,14-JUL-00:05,11700.61,14-JUL-10:05
,Cogeneration:ElectricityPurchased,0.43,460.03,14-JUL-00:05,11700.61,14-JUL-10:05
,ElectricitySurplusSold:Facility,0.00,0.00,14-JUL-00:05,0.00,14-JUL-00:05
,ElectricitySurplusSold:Plant,0.00,0.00,14-JUL-00:05,0.00,14-JUL-00:05
,Cogeneration:ElectricitySurplusSold,0.00,0.00,14-JUL-00:05,0.00,14-JUL-00:05
,ElectricityNet:Facility,0.43,460.03,14-JUL-00:05,11700.61,14-JUL-10:05
,ElectricityNet:Plant,0.43,460.03,14-JUL-00:05,11700.61,14-JUL-10:05
,Cogeneration:ElectricityNet,0.43,460.03,14-JUL-00:05,11700.61,14-JUL-10:05
,Electricity:Plant,0.00,0.00,14-JUL-00:05,0.00,14-JUL-00:05
,Heating:Electricity,0.00,0.00,14-JUL-00:05,0.00,14-JUL-00:05
,Boiler Parasitic:Heating:Electricity,0.00,0.00,14-JUL-00:05,0.00,14-JUL-00:05
,Cooling:Electricity,0.00,0.00,14-JUL-00:05,0.00,14-JUL-00:05
,Pumps:Electricity,0.00,0.00,14-JUL-00:05,0.00,14-JUL-00:05


Annual and Peak Values - Gas

,,Gas Annual Value [GJ],Gas Minimum Value [W],Timestamp of Minimum {TIMESTAMP},Gas Maximum Value [W],Timestamp of Maximum {TIMESTAMP}
,Gas:Facility,0.00,0.00,14-JUL-00:05,0.00,14-JUL-00:05
,Gas:Plant,0.00,0.00,14-JUL-00:05,0.00,14-JUL-00:05
,Heating:Gas,0.00,0.00,14-JUL-00:05,0.00,14-JUL-00:05
,Boiler:Heating:Gas,0.00,0.00,14-JUL-00:05,0.00,14-JUL-00:05


Annual and Peak Values - Cooling

,,Cooling Annual Value [GJ],Cooling Minimum Value [W],Timestamp of Minimum {TIMESTAMP},Cooling Maximum Value [W],Timestamp of Maximum {TIMESTAMP}
,PlantLoopCoolingDemand:Facility,0.00,0.00,14-JUL-00:05,0.00,14-JUL-00:05
,PlantLoopCoolingDemand:HVAC,0.00,0.00,14-JUL-00:05,0.00,14-JUL-00:05
,CoolingCoils:PlantLoopCoolingDemand,0.00,0.00,14-JUL-00:05,0.00,14-JUL-00:05


Annual and Peak Values - Water

,,Annual Value [m3],Minimum Value [m3/s],Timestamp of Minimum {TIMESTAMP},Maximum Value [m3/s],Timestamp of Maximum {TIMESTAMP}
,None,,,,,


Annual and Peak Values - Other by Weight/Mass

,,Annual Value [kg],Minimum Value [kg/s],Timestamp of Minimum {TIMESTAMP},Maximum Value [kg/s],Timestamp of Maximum {TIMESTAMP}
,Carbon Equivalent:Facility,0.00,0.000,14-JUL-00:05,0.000,14-JUL-00:05
,CarbonEquivalentEmissions:Carbon Equivalent,0.00,0.000,14-JUL-00:05,0.000,14-JUL-00:05


Annual and Peak Values - Other Volumetric

,,Annual Value [m3],Minimum Value [m3/s],Timestamp of Minimum {TIMESTAMP},Maximum Value [m3/s],Timestamp of Maximum {TIMESTAMP}
,None,,,,,


Annual and Peak Values - Other Liquid/Gas

,,Annual Value [L],Minimum Value [L],Timestamp of Minimum {TIMESTAMP},Maximum Value [L],Timestamp of Maximum {TIMESTAMP}
,None,,,,,


Annual and Peak Values - Other

,,Annual Value [GJ],Minimum Value [W],Timestamp of Minimum {TIMESTAMP},Maximum Value [W],Timestamp of Maximum {TIMESTAMP}
,EnergyTransfer:Facility,0.06,72.01,14-JUL-00:05,1440.12,14-JUL-10:10
,EnergyTransfer:Building,0.06,72.01,14-JUL-00:05,1440.12,14-JUL-10:10
,EnergyTransfer:Zone:PLENUM-1,0.00,0.00,14-JUL-00:05,0.00,14-JUL-00:05
,Heating:EnergyTransfer,0.06,72.01,14-JUL-00:05,1440.12,14-JUL-10:10
,Heating:EnergyTransfer:Zone:PLENUM-1,0.00,0.00,14-JUL-00:05,0.00,14-JUL-00:05
,Cooling:EnergyTransfer,0.00,0.00,14-JUL-00:05,0.00,14-JUL-00:05
,Cooling:EnergyTransfer:Zone:PLENUM-1,0.00,0.00,14-JUL-00:05,0.00,14-JUL-00:05
,EnergyTransfer:Zone:SPACE1-1,0.01,15.84,14-JUL-00:05,316.80,14-JUL-10:10
,Heating:EnergyTransfer:Zone:SPACE1-1,0.01,15.84,14-JUL-00:05,316.80,14-JUL-10:10
,Cooling:EnergyTransfer:Zone:SPACE1-1,0.00,0.00,14-JUL-00:05,0.00,14-JUL-00:05
,EnergyTransfer:Zone:SPACE2-1,0.00,3.85,14-JUL-00:05,76.92,14-JUL-10:10
,Heating:EnergyTransfer:Zone:SPACE2-1,0.00,3.85,14-JUL-00:05,76.92,14-JUL-10:10
,Cooling:EnergyTransfer:Zone:SPACE2-1,0.00,0.00,14-JUL-00:05,0.00,14-JUL-00:05
,EnergyTransfer:Zone:SPACE3-1,0.01,15.84,14-JUL-00:05,316.80,14-JUL-10:10
,Heating:EnergyTransfer:Zone:SPACE3-1,0.01,15.84,14-JUL-00:05,316.80,14-JUL-10:10
,Cooling:EnergyTransfer:Zone:SPACE3-1,0.00,0.00,14-JUL-00:05,0.00,14-JUL-00:05
,EnergyTransfer:Zone:SPACE4-1,0.01,6.84,14-JUL-00:05,136.80,14-JUL-10:10
,Heating:EnergyTransfer:Zone:SPACE4-1,0.01,6.84,14-JUL-00:05,136.80,14-JUL-10:10
,Cooling:EnergyTransfer:Zone:SPACE4-1,0.00,0.00,14-JUL-00:05,0.00,14-JUL-00:05
,EnergyTransfer:Zone:SPACE5-1,0.02,29.64,14-JUL-00:05,592.80,14-JUL-10:10
,Heating:EnergyTransfer:Zone:SPACE5-1,0.02,29.64,14-JUL-00:05,592.80,14-JUL-10:10
,Cooling:EnergyTransfer:Zone:SPACE5-1,0.00,0.00,14-JUL-00:05,0.00,14-JUL-00:05
,EnergyTransfer:HVAC,0.00,0.00,14-JUL-00:05,0.00,14-JUL-00:05
,HeatingCoils:EnergyTransfer,0.00,0.00,14-JUL-00:05,0.00,14-JUL-00:05
,PlantLoopHeatingDemand:Facility,0.00,0.00,14-JUL-00:05,0.00,14-JUL-00:05
,PlantLoopHeatingDemand:HVAC,0.00,0.00,14-JUL-00:05,0.00,14-JUL-00:05
,HeatingCoils:PlantLoopHeatingDemand,0.00,0.00,14-JUL-00:05,0.00,14-JUL-00:05
,CoolingCoils:EnergyTransfer,0.00,0.00,14-JUL-00:05,0.00,14-JUL-00:05
,EnergyTransfer:Plant,0.00,0.00,14-JUL-00:05,0.00,14-JUL-00:05
,Boilers:EnergyTransfer,0.00,0.00,14-JUL-00:05,0.00,14-JUL-00:05
,Chillers:EnergyTransfer,0.00,0.00,14-JUL-00:05,0.00,14-JUL-00:05
,HeatRejection:EnergyTransfer,0.00,0.00,14-JUL-00:05,0.00,14-JUL-00:05


----------------------------------------------------------------------------------------------------
REPORT:,Sensible Heat Gain Summary
FOR:,Entire Facility
Annual Building Sensible Heat Gain Components

,,HVAC Zone Eq & Other Sensible Air Heating [GJ],HVAC Zone Eq & Other Sensible Air Cooling [GJ],HVAC Terminal Unit Sensible Air Heating [GJ],HVAC Terminal Unit Sensible Air Cooling [GJ],HVAC Input Heated Surface Heating [GJ],HVAC Input Cooled Surface Cooling [GJ],People Sensible Heat Addition [GJ],Lights Sensible Heat Addition [GJ],Equipment Sensible Heat Addition [GJ],Window Heat Addition [GJ],Interzone Air Transfer Heat Addition [GJ],Infiltration Heat Addition [GJ],Opaque Surface Conduction and Other Heat Addition [GJ],Equipment Sensible Heat Removal [GJ],Window Heat Removal [GJ],Interzone Air Transfer Heat Removal [GJ],Infiltration Heat Removal [GJ],Opaque Surface Conduction and Other Heat Removal [GJ]
,SPACE1-1,0.000,0.000,0.000,0.000,0.000,0.000,0.005,0.063,0.031,0.025,0.000,0.000,0.000,0.000,-0.002,0.000,-0.000,-0.121
,SPACE2-1,0.000,0.000,0.000,0.000,0.000,0.000,0.003,0.015,0.014,0.018,0.000,0.000,0.000,0.000,-0.001,0.000,-0.000,-0.048
,SPACE3-1,0.000,0.000,0.000,0.000,0.000,0.000,0.004,0.063,0.031,0.036,0.000,0.000,0.000,0.000,-0.003,0.000,-0.000,-0.131
,SPACE4-1,0.000,0.000,0.000,0.000,0.000,0.000,0.002,0.027,0.014,0.025,0.000,0.000,0.000,0.000,-0.001,0.000,-0.000,-0.066
,SPACE5-1,0.000,0.000,0.000,0.000,0.000,0.000,0.009,0.118,0.059,0.000,0.000,0.000,0.000,0.000,0.000,0.000,-0.000,-0.185
,PLENUM-1,0.000,0.000,0.000,0.000,0.000,0.000,0.000,0.000,0.000,0.000,0.000,0.000,0.000,0.000,0.000,0.000,0.000,-0.000
,Total Facility,0.000,0.000,0.000,0.000,0.000,0.000,0.022,0.286,0.148,0.103,0.000,0.000,0.000,0.000,-0.008,0.000,-0.001,-0.552


Peak Cooling Sensible Heat Gain Components

,,Time of Peak {TIMESTAMP},HVAC Zone Eq & Other Sensible Air Heating [W],HVAC Zone Eq & Other Sensible Air Cooling [W],HVAC Terminal Unit Sensible Air Heating [W],HVAC Terminal Unit Sensible Air Cooling [W],HVAC Input Heated Surface Heating [W],HVAC Input Cooled Surface Cooling [W],People Sensible Heat Addition [W],Lights Sensible Heat Addition [W],Equipment Sensible Heat Addition [W],Window Heat Addition [W],Interzone Air Transfer Heat Addition [W],Infiltration Heat Addition [W],Opaque Surface Conduction and Other Heat Addition [W],Equipment Sensible Heat Removal [W],Window Heat Removal [W],Interzone Air Transfer Heat Removal [W],Infiltration Heat Removal [W],Opaque Surface Conduction and Other Heat Removal [W]
,SPACE1-1,-,0.00,0.00,0.00,0.00,0.00,0.00,0.00,0.00,0.00,0.00,0.00,0.00,0.00,0.00,0.00,0.00,0.00,0.00
,SPACE2-1,-,0.00,0.00,0.00,0.00,0.00,0.00,0.00,0.00,0.00,0.00,0.00,0.00,0.00,0.00,0.00,0.00,0.00,0.00
,SPACE3-1,-,0.00,0.00,0.00,0.00,0.00,0.00,0.00,0.00,0.00,0.00,0.00,0.00,0.00,0.00,0.00,0.00,0.00,0.00
,SPACE4-1,-,0.00,0.00,0.00,0.00,0.00,0.00,0.00,0.00,0.00,0.00,0.00,0.00,0.00,0.00,0.00,0.00,0.00,0.00
,SPACE5-1,-,0.00,0.00,0.00,0.00,0.00,0.00,0.00,0.00,0.00,0.00,0.00,0.00,0.00,0.00,0.00,0.00,0.00,0.00
,PLENUM-1,-,0.00,0.00,0.00,0.00,0.00,0.00,0.00,0.00,0.00,0.00,0.00,0.00,0.00,0.00,0.00,0.00,0.00,0.00
,Total Facility,-,0.00,0.00,0.00,0.00,0.00,0.00,0.00,0.00,0.00,0.00,0.00,0.00,0.00,0.00,0.00,0.00,0.00,0.00


Peak Heating Sensible Heat Gain Components

,,Time of Peak {TIMESTAMP},HVAC Zone Eq & Other Sensible Air Heating [W],HVAC Zone Eq & Other Sensible Air Cooling [W],HVAC Terminal Unit Sensible Air Heating [W],HVAC Terminal Unit Sensible Air Cooling [W],HVAC Input Heated Surface Heating [W],HVAC Input Cooled Surface Cooling [W],People Sensible Heat Addition [W],Lights Sensible Heat Addition [W],Equipment Sensible Heat Addition [W],Window Heat Addition [W],Interzone Air Transfer Heat Addition [W],Infiltration Heat Addition [W],Opaque Surface Conduction and Other Heat Addition [W],Equipment Sensible Heat Removal [W],Window Heat Removal [W],Interzone Air Transfer Heat Removal [W],Infiltration Heat Removal [W],Opaque Surface Conduction and Other Heat Removal [W]
,SPACE1-1,-,0.00,0.00,0.00,0.00,0.00,0.00,0.00,0.00,0.00,0.00,0.00,0.00,0.00,0.00,0.00,0.00,0.00,0.00
,SPACE2-1,-,0.00,0.00,0.00,0.00,0.00,0.00,0.00,0.00,0.00,0.00,0.00,0.00,0.00,0.00,0.00,0.00,0.00,0.00
,SPACE3-1,-,0.00,0.00,0.00,0.00,0.00,0.00,0.00,0.00,0.00,0.00,0.00,0.00,0.00,0.00,0.00,0.00,0.00,0.00
,SPACE4-1,-,0.00,0.00,0.00,0.00,0.00,0.00,0.00,0.00,0.00,0.00,0.00,0.00,0.00,0.00,0.00,0.00,0.00,0.00
,SPACE5-1,-,0.00,0.00,0.00,0.00,0.00,0.00,0.00,0.00,0.00,0.00,0.00,0.00,0.00,0.00,0.00,0.00,0.00,0.00
,PLENUM-1,-,0.00,0.00,0.00,0.00,0.00,0.00,0.00,0.00,0.00,0.00,0.00,0.00,0.00,0.00,0.00,0.00,0.00,0.00
,Total Facility,-,0.00,0.00,0.00,0.00,0.00,0.00,0.00,0.00,0.00,0.00,0.00,0.00,0.00,0.00,0.00,0.00,0.00,0.00


----------------------------------------------------------------------------------------------------
REPORT:,LEED Summary
FOR:,Entire Facility
Sec1.1A-General Information

,,Data
,Climate Zone,3A
,Weather File,Shanghai Shanghai CHN CSWD WMO#=583620
,Total gross floor area [m2],927.20


EAp2-1. Space Usage Type

,,Space Area [m2],Regularly Occupied Area [m2],Unconditioned Area [m2],Typical Hours/Week in Operation [hr/wk]
,SPACE1-1,99.16,99.16,0.00,70.00
,SPACE2-1,42.73,42.73,0.00,70.00
,SPACE3-1,96.48,96.48,0.00,70.00
,SPACE4-1,42.73,42.73,0.00,70.00
,SPACE5-1,182.49,182.49,0.00,70.00
,PLENUM-1,463.60,463.60,0.00,0.00
,Totals,927.20,927.20,0.00,


EAp2-2. Advisory Messages

,,Data
,Number of hours heating loads not met,0.00
,Number of hours cooling loads not met,10.00
,Number of hours not met,10.00


EAp2-3. Energy Type Summary

,,Utility Rate,Virtual Rate [$/unit energy],Units of Energy,Units of Demand
,Electricity,TOUBEIJING,0.755,kWh,kW
,Natural Gas,,,,
,Other,,,,


EAp2-4/5. Performance Rating Method Compliance

,,Electric Energy Use [GJ],Electric Demand [W],Natural Gas Energy Use [GJ],Natural Gas Demand [W],Additional Energy Use [GJ],Additional Demand [W]
,Interior Lighting,0.29,7200.61,0.00,0.00,0.00,0.00
,Exterior Lighting,0.00,0.00,0.00,0.00,0.00,0.00
,Space Heating,0.00,0.00,0.00,0.00,0.00,0.00
,Space Cooling,0.00,0.00,0.00,0.00,0.00,0.00
,Pumps,0.00,0.00,0.00,0.00,0.00,0.00
,Heat Rejection,0.00,0.00,0.00,0.00,0.00,0.00
,Fans-Interior,0.00,0.00,0.00,0.00,0.00,0.00
,Fans-Parking Garage,0.00,0.00,0.00,0.00,0.00,0.00
,Service Water Heating,0.00,0.00,0.00,0.00,0.00,0.00
,Receptacle Equipment,0.15,4500.00,0.00,0.00,0.00,0.00
,Interior Lighting-Process,0.00,0.00,0.00,0.00,0.00,0.00
,Refrigeration Equipment,0.00,0.00,0.00,0.00,0.00,0.00
,Cooking,0.00,0.00,0.00,0.00,0.00,0.00
,Industrial Process,0.00,0.00,0.00,0.00,0.00,0.00
,Elevators and Escalators,0.00,0.00,0.00,0.00,0.00,0.00
,Total Line,0.43,,0.00,,0.00,


EAp2-6. Energy Use Summary

,,Process Subtotal [GJ],Total Energy Use [GJ]
,Electricity,0.15,0.43
,Natural Gas,0.00,0.00
,Total,0.15,0.43
,Additional,0.00,0.00


EAp2-7. Energy Cost Summary

,,Process Subtotal [$],Total Energy Cost [$]
,Electricity,31.09,91.14
,Natural Gas,0.00,0.00
,Other,,0.00
,Total,31.09,91.14
,Additional,0.00,
Process energy cost based on ratio of process to total energy.


L-1. Renewable Energy Source Summary

,,Rated Capacity [kW],Annual Energy Generated [GJ]
,Photovoltaic,0.00,0.00
,Wind,0.00,0.00


EAp2-17a. Energy Use Intensity - Electricity

,,Electricty [MJ/m2]
,Interior Lighting,0.31
,Space Heating,0.00
,Space Cooling,0.00
,Fans-Interior,0.00
,Service Water Heating,0.00
,Receptacle Equipment,0.16
,Miscellaneous,0.00
,Subtotal,0.47


EAp2-17b. Energy Use Intensity - Natural Gas

,,Natural Gas [MJ/m2]
,Space Heating,0.00
,Service Water Heating,0.00
,Miscellaneous,0.00
,Subtotal,0.00


EAp2-17c. Energy Use Intensity - Additional

,,Additional [MJ/m2]
,Miscellaneous,0.00
,Subtotal,0.00


EAp2-18. End Use Percentage

,,Percent [%]
,Interior Lighting,65.88
,Space Heating,0.00
,Space Cooling,0.00
,Fans-Interior,0.00
,Service Water Heating,0.00
,Receptacle Equipment,34.12
,Miscellaneous,0.00


----------------------------------------------------------------------------------------------------
REPORT:,Component Sizing Summary
FOR:,Entire Facility
AirTerminal:SingleDuct:SeriesPIU:Reheat

,,User-Specified Maximum Primary Air Flow Rate [m3/s],User-Specified Maximum Air Flow Rate [m3/s],User-Specified Minimum Primary Air Flow Fraction,User-Specified Maximum Reheat Water Flow Rate [m3/s],User-Specified Maximum Reheat Steam Flow Rate [m3/s]
,SPACE1-1 VAV REHEAT,0.495510,0.495510,0.423000,0.000429,0.000429
,SPACE3-1 VAV REHEAT,0.487200,0.487200,0.437000,0.000422,0.000422
User-Specified values were used. Design Size values were used if no User-Specified values were provided.


Fan:ConstantVolume

,,User-Specified Maximum Flow Rate [m3/s]
,SPACE1-1 PIU FAN,0.500000
,SPACE2-1 PIU FAN,0.350000
,SPACE3-1 PIU FAN,0.490000
,SPACE4-1 PIU FAN,0.280000
User-Specified values were used. Design Size values were used if no User-Specified values were provided.


AirTerminal:SingleDuct:ParallelPIU:Reheat

,,User-Specified Maximum Primary Air Flow Rate [m3/s],User-Specified Maximum Secondary Air Flow Rate [m3/s],User-Specified Minimum Primary Air Flow Fraction,User-Specified Fan On Flow Fraction,User-Specified Maximum Reheat Water Flow Rate [m3/s],User-Specified Maximum Reheat Steam Flow Rate [m3/s]
,SPACE2-1 VAV REHEAT,0.345050,0.345050,0.136790,0.136790,0.000339,0.000339
,SPACE4-1 VAV REHEAT,0.284930,0.284930,0.165660,0.165660,0.000422,0.000422
User-Specified values were used. Design Size values were used if no User-Specified values were provided.


AirTerminal:SingleDuct:ConstantVolume:Reheat

,,User-Specified Maximum Air Flow Rate [m3/s],User-Specified Maximum Reheat Water Flow Rate [m3/s]
,SPACE5-1 CV REHEAT,0.672000,0.000020
User-Specified values were used. Design Size values were used if no User-Specified values were provided.


Fan:VariableVolume

,,User-Specified Maximum Flow Rate [m3/s]
,RELIEF FAN 1,2.28
,SUPPLY FAN 1,2.28
User-Specified values were used. Design Size values were used if no User-Specified values were provided.


PlantLoop

,,Plant Loop Volume [m3]
,HOT WATER LOOP,0.240000
,CHILLED WATER LOOP,0.240000
User-Specified values were used. Design Size values were used if no User-Specified values were provided.


Boiler:HotWater

,,Design Size Nominal Capacity [W],User-Specified Nominal Capacity [W],Design Size Design Water Flow Rate [m3/s],User-Specified Design Water Flow Rate [m3/s]
,CENTRAL BOILER,85021.78,85021.77,0.001840,0.001840
User-Specified values were used. Design Size values were used if no User-Specified values were provided.


Chiller:Electric

,,Design Size Nominal Capacity [W],User-Specified Nominal Capacity [W],Design Size Design Chilled Water Flow Rate [m3/s],User-Specified Design Chilled Water Flow Rate [m3/s],User-Specified Design Condenser Water Flow Rate [m3/s]
,CENTRAL CHILLER,51754.48,51754.43,0.001849,0.002464,0.001100
User-Specified values were used. Design Size values were used if no User-Specified values were provided.


----------------------------------------------------------------------------------------------------
REPORT:,Surface Shadowing Summary
FOR:,Entire Facility
Surfaces (Walls, Roofs, etc) that may be Shadowed by Other Surfaces

,,Possible Shadow Receivers
,MAIN SOUTH OVERHANG,FRONT-1 |
,Mir-MAIN SOUTH OVERHANG,SOUTH DOOR OVERHANG | WALL-1PF | FRONT-1 |
,SOUTH DOOR OVERHANG,WALL-1PF |
,Mir-SOUTH DOOR OVERHANG,WALL-1PF |
,WALL-1PF,SOUTH DOOR OVERHANG |
,FRONT-1,MAIN SOUTH OVERHANG | SOUTH DOOR OVERHANG |


Subsurfaces (Windows and Doors) that may be Shadowed by Surfaces

,,Possible Shadow Receivers
,FRONT-1,WF-1 | DF-1 |
,RIGHT-1,WR-1 |
,BACK-1,WB-1 | DB-1 |
,LEFT-1,WL-1 |


----------------------------------------------------------------------------------------------------
REPORT:,Adaptive Comfort Summary
FOR:,Entire Facility
Time Not Meeting the Adaptive Comfort Models during Occupied Hours

,,ASHRAE55 90% Acceptability Limits [Hours],ASHRAE55 80% Acceptability Limits  [Hours],CEN15251 Category I Acceptability Limits [Hours],CEN15251 Category II Acceptability Limits [Hours],CEN15251 Category III Acceptability Limits [Hours]


----------------------------------------------------------------------------------------------------
REPORT:,Initialization Summary
FOR:,Entire Facility
Version

,,Version ID
,           1,8.7


Timesteps per Hour

,,#TimeSteps,Minutes per TimeStep {minutes}
,           1,12,5


System Convergence Limits

,,Minimum System TimeStep {minutes},Max HVAC Iterations,Minimum Plant Iterations,Maximum Plant Iterations
,           1,1,20,2,8


Simulation Control

,,Do Zone Sizing,Do System Sizing,Do Plant Sizing,Do Design Days,Do Weather Simulation,Do HVAC Sizing Simulation
,           1,No,No,No,No,Yes,No


Output Reporting Tolerances

,,Tolerance for Time Heating Setpoint Not Met,Tolerance for Zone Cooling Setpoint Not Met Time
,           1,0.200,0.200


Site:GroundTemperature:BuildingSurface

,,Jan{C},Feb{C},Mar{C},Apr{C},May{C},Jun{C},Jul{C},Aug{C},Sep{C},Oct{C},Nov{C},Dec{C}
,           1,18.00,18.00,18.00,23.00,25.00,27.00,28.00,29.00,26.00,22.00,20.00,18.00


Site:GroundTemperature:FCfactorMethod

,,Jan{C},Feb{C},Mar{C},Apr{C},May{C},Jun{C},Jul{C},Aug{C},Sep{C},Oct{C},Nov{C},Dec{C}
,           1,6.27,8.23,12.03,15.63,22.45,26.04,27.03,25.21,21.00,15.76,10.61,7.20


Site:GroundTemperature:Shallow

,,Jan{C},Feb{C},Mar{C},Apr{C},May{C},Jun{C},Jul{C},Aug{C},Sep{C},Oct{C},Nov{C},Dec{C}
,           1,13.00,13.00,13.00,13.00,13.00,13.00,13.00,13.00,13.00,13.00,13.00,13.00


Site:GroundTemperature:Deep

,,Jan{C},Feb{C},Mar{C},Apr{C},May{C},Jun{C},Jul{C},Aug{C},Sep{C},Oct{C},Nov{C},Dec{C}
,           1,16.00,16.00,16.00,16.00,16.00,16.00,16.00,16.00,16.00,16.00,16.00,16.00


Site:GroundReflectance

,,Jan{dimensionless},Feb{dimensionless},Mar{dimensionless},Apr{dimensionless},May{dimensionless},Jun{dimensionless},Jul{dimensionless},Aug{dimensionless},Sep{dimensionless},Oct{dimensionless},Nov{dimensionless},Dec{dimensionless}
,           1,0.20,0.20,0.20,0.20,0.20,0.20,0.20,0.20,0.20,0.20,0.20,0.20


Site:GroundReflectance:SnowModifier

,,Normal,Daylighting {dimensionless}
,           1,1.000,1.000


Site:GroundReflectance:Snow

,,Jan{dimensionless},Feb{dimensionless},Mar{dimensionless},Apr{dimensionless},May{dimensionless},Jun{dimensionless},Jul{dimensionless},Aug{dimensionless},Sep{dimensionless},Oct{dimensionless},Nov{dimensionless},Dec{dimensionless}
,           1,0.20,0.20,0.20,0.20,0.20,0.20,0.20,0.20,0.20,0.20,0.20,0.20


Site:GroundReflectance:Snow:Daylighting

,,Jan{dimensionless},Feb{dimensionless},Mar{dimensionless},Apr{dimensionless},May{dimensionless},Jun{dimensionless},Jul{dimensionless},Aug{dimensionless},Sep{dimensionless},Oct{dimensionless},Nov{dimensionless},Dec{dimensionless}
,           1,0.20,0.20,0.20,0.20,0.20,0.20,0.20,0.20,0.20,0.20,0.20,0.20


Environment:Weather Station

,,Wind Sensor Height Above Ground {m},Wind Speed Profile Exponent {},Wind Speed Profile Boundary Layer Thickness {m},Air Temperature Sensor Height Above Ground {m},Wind Speed Modifier Coefficient-Internal,Temperature Modifier Coefficient-Internal
,           1,10.000,0.140,270.000,1.500,1.586,9.750E-003


Site:Location

,,Location Name,Latitude {N+/S- Deg},Longitude {E+/W- Deg},Time Zone Number {GMT+/-},Elevation {m},Standard Pressure at Elevation {Pa},Standard RhoAir at Elevation
,           1,Shanghai Shanghai CHN CSWD WMO#=583620,31.40,121.45,8.00,5.50,101259,1.2035


Building Information

,,Building Name,North Axis {deg},Terrain,Loads Convergence Tolerance Value,Temperature Convergence Tolerance Value,Solar Distribution,Maximum Number of Warmup Days,Minimum Number of Warmup Days
,           1,Building,30.000,City,4.00000E-002,0.40000,FullExterior,25,6


Inside Convection Algorithm

,,Algorithm {Simple
,,TARP
,,CeilingDiffuser
,,AdaptiveConvectionAlgorithm}
,           1,TARP


Outside Convection Algorithm

,,Algorithm {SimpleCombined
,,TARP
,,MoWitt
,,DOE-2
,,AdaptiveConvectionAlgorithm}
,           1,DOE-2


Sky Radiance Distribution

,,Value {Anisotropic}
,           1,Anisotropic


Zone Air Solution Algorithm

,,Value {ThirdOrderBackwardDifference
,,AnalyticalSolution
,,EulerMethod}
,           1,ThirdOrderBackwardDifference


Zone Air Carbon Dioxide Balance Simulation

,,Simulation {Yes/No},Carbon Dioxide Concentration
,           1,No,N/A


Zone Air Generic Contaminant Balance Simulation

,,Simulation {Yes/No},Generic Contaminant Concentration
,           1,No,N/A


Zone Air Mass Flow Balance Simulation

,,Enforce Mass Balance,Adjust Zone Mixing,Adjust Zone Infiltration {AddInfiltration,Infiltration Zones {MixingSourceZonesOnly
,,,,AdjustInfiltration,AllZones}
,,,,None},
,           1,No,N/A,N/A,N/A


Environment:Site Atmospheric Variation

,,Wind Speed Profile Exponent {},Wind Speed Profile Boundary Layer Thickness {m},Air Temperature Gradient Coefficient {K/m}
,           1,0.330,460.000,6.500000E-003


Surface Geometry

,,Starting Corner,Vertex Input Direction,Coordinate System,Daylight Reference Point Coordinate System,Rectangular (Simple) Surface Coordinate System
,           1,UpperLeftCorner,Counterclockwise,RelativeCoordinateSystem,RelativeCoordinateSystem,RelativeToZoneOrigin


Surface Heat Transfer Algorithm

,,Value {CTF - ConductionTransferFunction,Inside Surface Max Temperature Limit{C},Surface Convection Coefficient Lower Limit {W/m2-K},Surface Convection Coefficient Upper Limit {W/m2-K}
,,EMPD - MoisturePenetrationDepthConductionTransferFunction,,,
,,CondFD - ConductionFiniteDifference,,,
,,HAMT - CombinedHeatAndMoistureFiniteElement} - Description,,,
,           1,CTF - ConductionTransferFunction,200,0.10,1000.0


Shading Summary

,,Number of Fixed Detached Shades,Number of Building Detached Shades,Number of Attached Shades
,           1,0,0,4


Zone Summary

,,Number of Zones,Number of Zone Surfaces,Number of SubSurfaces
,           1,6,47,6


Zone Information

,,Zone Name,North Axis {deg},Origin X-Coordinate {m},Origin Y-Coordinate {m},Origin Z-Coordinate {m},Centroid X-Coordinate {m},Centroid Y-Coordinate {m},Centroid Z-Coordinate {m},Type,Zone Multiplier,Zone List Multiplier,Minimum X {m},Maximum X {m},Minimum Y {m},Maximum Y {m},Minimum Z {m},Maximum Z {m},Ceiling Height {m},Volume {m3},Zone Inside Convection Algorithm {Simple-Detailed-CeilingDiffuser-TrombeWall},Zone Outside Convection Algorithm {Simple-Detailed-Tarp-MoWitt-DOE-2-BLAST},Floor Area {m2},Exterior Gross Wall Area {m2},Exterior Net Wall Area {m2},Exterior Window Area {m2},Number of Surfaces,Number of SubSurfaces,Number of Shading SubSurfaces,Part of Total Building Area
,           1,PLENUM-1,0.0,0.00,0.00,0.00,17.01,-1.04,2.70,1,1,1,0.00,34.01,-15.25,13.16,2.40,3.00,0.61,283.20,TARP,DOE-2,463.60,54.84,54.84,0.00,10,0,0,Yes
,           2,SPACE1-1,0.0,0.00,0.00,0.00,14.06,-6.15,1.20,1,1,1,0.00,26.41,-15.25,1.35,0.00,2.40,2.44,239.25,TARP,DOE-2,99.16,73.20,51.39,21.81,6,2,4,Yes
,           3,SPACE2-1,0.0,0.00,0.00,0.00,28.88,-7.88,1.20,1,1,1,25.06,34.01,-15.25,-2.09,0.00,2.40,2.44,103.31,TARP,DOE-2,42.74,36.48,27.36,9.12,6,1,0,Yes
,           4,SPACE3-1,0.0,0.00,0.00,0.00,19.98,4.10,1.20,1,1,1,7.60,34.01,-3.35,13.16,0.00,2.40,2.44,239.25,TARP,DOE-2,96.48,73.20,52.35,20.85,6,2,0,Yes
,           5,SPACE4-1,0.0,0.00,0.00,0.00,5.15,5.82,1.20,1,1,1,0.00,9.00,0.00,13.16,0.00,2.40,2.44,103.31,TARP,DOE-2,42.74,36.48,27.36,9.12,6,1,0,Yes
,           6,SPACE5-1,0.0,0.00,0.00,0.00,17.03,-1.00,1.20,1,1,1,5.05,29.01,-10.20,8.20,0.00,2.40,2.44,447.68,TARP,DOE-2,182.49,0.00,0.00,0.00,6,0,0,Yes


Zone Internal Gains Nominal

,,Zone Name,Floor Area {m2},# Occupants,Area per Occupant {m2/person},Occupant per Area {person/m2},Interior Lighting {W/m2},Electric Load {W/m2},Gas Load {W/m2},Other Load {W/m2},Hot Water Eq {W/m2},Steam Equipment {W/m2},Sum Loads per Area {W/m2},Outdoor Controlled Baseboard Heat
,           1,PLENUM-1,463.60,0.0,N/A,0.000,0.000,0.000,0.000,0.000,0.000,0.000,0.000,No
,           2,SPACE1-1,99.16,11.0,9.015,0.111,15.974,10.649,0.000,0.000,0.000,0.000,26.624,No
,           3,SPACE2-1,42.74,5.0,8.547,0.117,9.000,20.670,0.000,0.000,0.000,0.000,29.670,No
,           4,SPACE3-1,96.48,11.0,8.771,0.114,16.418,10.945,0.000,0.000,0.000,0.000,27.363,No
,           5,SPACE4-1,42.74,5.0,8.547,0.117,16.006,10.670,0.000,0.000,0.000,0.000,26.676,No
,           6,SPACE5-1,182.49,20.0,9.125,0.110,16.242,10.828,0.000,0.000,0.000,0.000,27.070,No


People Internal Gains Nominal

,,Name,Schedule Name,Zone Name,Zone Floor Area {m2},# Zone Occupants,Number of People {},People/Floor Area {person/m2},Floor Area per person {m2/person},Fraction Radiant,Fraction Convected,Sensible Fraction Calculation,Activity level,ASHRAE 55 Warnings,Carbon Dioxide Generation Rate,Nominal Minimum Number of People,Nominal Maximum Number of People,MRT Calculation Type,Work Efficiency,Clothing Insulation Calculation Method,Clothing Insulation Calculation Method Schedule,Clothing,Air Velocity,Fanger Calculation,Pierce Calculation,KSU Calculation
,           1,SPACE1-1 PEOPLE 1,OCCUPY-1,SPACE1-1,99.16,11.0,11.0,0.111,9.015,0.300,0.700,AutoCalculate,ACTSCHD,No,3.8200E-008,0,11,Zone Averaged,PEOPLE EFFICIENCY,Dynamic Clothing Model ASHRAE55,N/A,Constant-1.0,AIR VELOCITY-FAN,Yes,No,No
,           2,SPACE2-1 PEOPLE 1,OCCUPY-1,SPACE2-1,42.74,5.0,5.0,0.117,8.547,0.300,0.700,AutoCalculate,ACTSCHD,No,3.8200E-008,0,5,Zone Averaged,PEOPLE EFFICIENCY,Dynamic Clothing Model ASHRAE55,N/A,Constant-1.0,AIR VELOCITY-FAN,Yes,No,No
,           3,SPACE3-1 PEOPLE 1,OCCUPY-1,SPACE3-1,96.48,11.0,11.0,0.114,8.771,0.300,0.700,AutoCalculate,ACTSCHD,No,3.8200E-008,0,11,Zone Averaged,PEOPLE EFFICIENCY,Dynamic Clothing Model ASHRAE55,N/A,Constant-1.0,AIR VELOCITY-FAN,Yes,No,No
,           4,SPACE4-1 PEOPLE 1,OCCUPY-1,SPACE4-1,42.74,5.0,5.0,0.117,8.547,0.300,0.700,AutoCalculate,ACTSCHD,No,3.8200E-008,0,5,Zone Averaged,PEOPLE EFFICIENCY,Dynamic Clothing Model ASHRAE55,N/A,Constant-1.0,AIR VELOCITY-FAN,Yes,No,No
,           5,SPACE5-1 PEOPLE 1,OCCUPY-1,SPACE5-1,182.49,20.0,20.0,0.110,9.125,0.300,0.700,AutoCalculate,ACTSCHD,No,3.8200E-008,0,20,Zone Averaged,PEOPLE EFFICIENCY,Dynamic Clothing Model ASHRAE55,N/A,Constant-1.0,AIR VELOCITY-FAN,Yes,No,No


Lights Internal Gains Nominal

,,Name,Schedule Name,Zone Name,Zone Floor Area {m2},# Zone Occupants,Lighting Level {W},Lights/Floor Area {W/m2},Lights per person {W/person},Fraction Return Air,Fraction Radiant,Fraction Short Wave,Fraction Convected,Fraction Replaceable,End-Use Category,Nominal Minimum Lighting Level {W},Nominal Maximum Lighting Level {W}
,           1,SPACE1-1 LIGHTS 1,LIGHTS-1,SPACE1-1,99.16,11.0,1584.000,15.974,144.000,0.200,0.590,0.200,1.000E-002,0.000,GeneralLights,79.200,1584.000
,           2,SPACE2-1 LIGHTS 1,LIGHTS-1,SPACE2-1,42.74,5.0,384.615,9.000,76.923,0.200,0.590,0.200,1.000E-002,0.000,GeneralLights,19.231,384.615
,           3,SPACE3-1 LIGHTS 1,LIGHTS-1,SPACE3-1,96.48,11.0,1584.000,16.418,144.000,0.200,0.590,0.200,1.000E-002,0.000,GeneralLights,79.200,1584.000
,           4,SPACE4-1 LIGHTS 1,LIGHTS-1,SPACE4-1,42.74,5.0,684.000,16.006,136.800,0.200,0.590,0.200,1.000E-002,0.000,GeneralLights,34.200,684.000
,           5,SPACE5-1 LIGHTS 1,LIGHTS-1,SPACE5-1,182.49,20.0,2964.000,16.242,148.200,0.200,0.590,0.200,1.000E-002,0.000,GeneralLights,148.200,2964.000


ElectricEquipment Internal Gains Nominal

,,Name,Schedule Name,Zone Name,Zone Floor Area {m2},# Zone Occupants,Equipment Level {W},Equipment/Floor Area {W/m2},Equipment per person {W/person},Fraction Latent,Fraction Radiant,Fraction Lost,Fraction Convected,End-Use SubCategory,Nominal Minimum Equipment Level {W},Nominal Maximum Equipment Level {W}
,           1,SPACE2-1 FAN,AIRCOOLING-FAN,SPACE2-1,42.74,5.0,427.350,10.000,85.470,0.000,0.300,0.000,0.700,General,0.000,0.000
,           2,SPACE1-1 ELECEQ 1,EQUIP-1,SPACE1-1,99.16,11.0,1056.000,10.649,96.000,0.000,0.300,0.000,0.700,General,21.120,950.400
,           3,SPACE2-1 ELECEQ 1,EQUIP-1,SPACE2-1,42.74,5.0,456.000,10.670,91.200,0.000,0.300,0.000,0.700,General,9.120,410.400
,           4,SPACE3-1 ELECEQ 1,EQUIP-1,SPACE3-1,96.48,11.0,1056.000,10.945,96.000,0.000,0.300,0.000,0.700,General,21.120,950.400
,           5,SPACE4-1 ELECEQ 1,EQUIP-1,SPACE4-1,42.74,5.0,456.000,10.670,91.200,0.000,0.300,0.000,0.700,General,9.120,410.400
,           6,SPACE5-1 ELECEQ 1,EQUIP-1,SPACE5-1,182.49,20.0,1976.000,10.828,98.800,0.000,0.300,0.000,0.700,General,39.520,1778.400


Shadowing/Sun Position Calculations Annual Simulations

,,Calculation Method,Value {days},Allowable Number Figures in Shadow Overlap {},Polygon Clipping Algorithm,Sky Diffuse Modeling Algorithm
,           1,AverageOverDaysInFrequency,20,15000,SutherlandHodgman,SimpleSkyDiffuseModeling


Surface Convection Parameters

,,Surface Name,Outside Model Assignment,Outside Area [m2],Outside Perimeter [m],Outside Height [m],Inside Model Assignment,Inside Height [cm],Inside Perimeter Envelope [m],Inside Hydraulic Diameter [m],Window Wall Ratio [ ],Window Location [ ],Near Radiant [Yes/No],Has Active HVAC [Yes/No]
,           1,WALL-1PF,0,91.50,67.00,3.00,0,0.61,91.40,14.85,0.00,0,No,No
,           2,WALL-1PR,0,45.60,80.55,3.00,0,0.61,91.40,14.85,0.00,0,No,No
,           3,WALL-1PB,0,91.50,80.55,3.00,0,0.61,91.40,14.85,0.00,0,No,No
,           4,WALL-1PL,0,45.60,36.40,3.00,0,0.61,91.40,14.85,0.00,0,No,No
,           5,C1-1P,0,0.00,0.00,0.00,0,0.61,91.40,14.85,0.00,0,No,No
,           6,C2-1P,0,0.00,0.00,0.00,0,0.61,91.40,14.85,0.00,0,No,No
,           7,C3-1P,0,0.00,0.00,0.00,0,0.61,91.40,14.85,0.00,0,No,No
,           8,C4-1P,0,0.00,0.00,0.00,0,0.61,91.40,14.85,0.00,0,No,No
,           9,C5-1P,0,0.00,0.00,0.00,0,0.61,91.40,14.85,0.00,0,No,No
,          10,TOP-1,0,463.60,91.40,0.00,0,0.61,91.40,14.85,0.00,0,No,No
,          11,FRONT-1,0,91.50,67.00,3.00,0,2.44,30.50,4.61,0.30,4,No,No
,          12,WF-1,-6,91.50,67.00,3.00,0,2.44,30.50,4.61,0.30,2,No,No
,          13,DF-1,-6,91.50,67.00,3.00,0,2.44,30.50,4.61,0.30,1,No,No
,          14,SB12,0,0.00,0.00,0.00,0,2.44,30.50,4.61,0.30,0,No,No
,          15,SB14,0,0.00,0.00,0.00,0,2.44,30.50,4.61,0.30,0,No,No
,          16,SB15,0,0.00,0.00,0.00,0,2.44,30.50,4.61,0.30,0,No,No
,          17,F1-1,0,0.00,0.00,0.00,0,2.44,30.50,4.61,0.30,0,No,No
,          18,C1-1,0,0.00,0.00,0.00,0,2.44,30.50,4.61,0.30,0,No,No
,          19,RIGHT-1,0,45.60,80.55,3.00,0,2.44,15.20,3.86,0.25,3,No,No
,          20,WR-1,-6,45.60,80.55,3.00,0,2.44,15.20,3.86,0.25,2,No,No
,          21,SB21,0,0.00,0.00,0.00,0,2.44,15.20,3.86,0.25,0,No,No
,          22,SB23,0,0.00,0.00,0.00,0,2.44,15.20,3.86,0.25,0,No,No
,          23,SB25,0,0.00,0.00,0.00,0,2.44,15.20,3.86,0.25,0,No,No
,          24,F2-1,0,0.00,0.00,0.00,0,2.44,15.20,3.86,0.25,0,No,No
,          25,C2-1,0,0.00,0.00,0.00,0,2.44,15.20,3.86,0.25,0,No,No
,          26,INTERNALMASSDIFINITION,0,0.00,0.00,0.00,0,2.44,15.20,3.86,0.25,0,No,No
,          27,BACK-1,0,91.50,80.55,3.00,0,2.44,30.50,4.49,0.28,4,No,No
,          28,WB-1,-6,91.50,80.55,3.00,0,2.44,30.50,4.49,0.28,2,No,No
,          29,DB-1,-6,91.50,80.55,3.00,0,2.44,30.50,4.49,0.28,1,No,No
,          30,SB32,0,0.00,0.00,0.00,0,2.44,30.50,4.49,0.28,0,No,No
,          31,SB34,0,0.00,0.00,0.00,0,2.44,30.50,4.49,0.28,0,No,No
,          32,SB35,0,0.00,0.00,0.00,0,2.44,30.50,4.49,0.28,0,No,No
,          33,F3-1,0,0.00,0.00,0.00,0,2.44,30.50,4.49,0.28,0,No,No
,          34,C3-1,0,0.00,0.00,0.00,0,2.44,30.50,4.49,0.28,0,No,No
,          35,LEFT-1,0,45.60,36.40,3.00,0,2.44,15.20,3.86,0.25,3,No,No
,          36,WL-1,-6,45.60,36.40,3.00,0,2.44,15.20,3.86,0.25,2,No,No
,          37,SB41,0,0.00,0.00,0.00,0,2.44,15.20,3.86,0.25,0,No,No
,          38,SB43,0,0.00,0.00,0.00,0,2.44,15.20,3.86,0.25,0,No,No
,          39,SB45,0,0.00,0.00,0.00,0,2.44,15.20,3.86,0.25,0,No,No
,          40,F4-1,0,0.00,0.00,0.00,0,2.44,15.20,3.86,0.25,0,No,No
,          41,C4-1,0,0.00,0.00,0.00,0,2.44,15.20,3.86,0.25,0,No,No
,          42,SB51,0,0.00,0.00,0.00,0,2.44,0.00,8.62,-999.00,0,No,No
,          43,SB52,0,0.00,0.00,0.00,0,2.44,0.00,8.62,-999.00,0,No,No
,          44,SB53,0,0.00,0.00,0.00,0,2.44,0.00,8.62,-999.00,0,No,No
,          45,SB54,0,0.00,0.00,0.00,0,2.44,0.00,8.62,-999.00,0,No,No
,          46,F5-1,0,0.00,0.00,0.00,0,2.44,0.00,8.62,-999.00,0,No,No
,          47,C5-1,0,0.00,0.00,0.00,0,2.44,0.00,8.62,-999.00,0,No,No


ZoneInfiltration Airflow Stats Nominal

,,Name,Schedule Name,Zone Name,Zone Floor Area {m2},# Zone Occupants,Design Volume Flow Rate {m3/s},Volume Flow Rate/Floor Area {m3/s/m2},Volume Flow Rate/Exterior Surface Area {m3/s/m2},ACH - Air Changes per Hour,Equation A - Constant Term Coefficient {},Equation B - Temperature Term Coefficient {1/C},Equation C - Velocity Term Coefficient {s/m},Equation D - Velocity Squared Term Coefficient {s2/m2}
,           1,SPACE1-1 INFIL 1,INFIL-SCH,SPACE1-1,99.16,11.0,1.670E-002,1.684E-004,2.281E-004,0.251,0.000,0.000,0.224,0.000
,           2,SPACE2-1 INFIL 1,INFIL-SCH,SPACE2-1,42.74,5.0,7.170E-003,1.678E-004,1.965E-004,0.250,0.000,0.000,0.224,0.000
,           3,SPACE3-1 INFIL 1,INFIL-SCH,SPACE3-1,96.48,11.0,1.670E-002,1.731E-004,2.281E-004,0.251,0.000,0.000,0.224,0.000
,           4,SPACE4-1 INFIL 1,INFIL-SCH,SPACE4-1,42.74,5.0,7.170E-003,1.678E-004,1.965E-004,0.250,0.000,0.000,0.224,0.000
,           5,SPACE5-1 INFIL 1,INFIL-SCH,SPACE5-1,182.49,20.0,3.109E-002,1.704E-004,N/A,0.250,0.000,0.000,0.224,0.000


AirFlow Model

,,Simple
,           1,Simple


RoomAir Model

,,Zone Name,Mixing/Mundt/UCSDDV/UCSDCV/UCSDUFI/UCSDUFE/User Defined
,           1,PLENUM-1,Mixing/Well-Stirred
,           2,SPACE1-1,Mixing/Well-Stirred
,           3,SPACE2-1,Mixing/Well-Stirred
,           4,SPACE3-1,Mixing/Well-Stirred
,           5,SPACE4-1,Mixing/Well-Stirred
,           6,SPACE5-1,Mixing/Well-Stirred


AirflowNetwork Model:Control

,,No Multizone or Distribution/Multizone with Distribution/Multizone without Distribution/Multizone with Distribution only during Fan Operation
,           1,NoMultizoneOrDistribution


Zone Volume Capacitance Multiplier

,,Sensible Heat Capacity Multiplier,Moisture Capacity Multiplier,Carbon Dioxide Capacity Multiplier,Generic Contaminant Capacity Multiplier
,           1,1.000,1.000,1.000,1.000


Component Sizing Information

,,Component Type,Component Name,Input Field Description,Value
,           1,AirTerminal:SingleDuct:SeriesPIU:Reheat,SPACE1-1 VAV REHEAT,User-Specified Maximum Primary Air Flow Rate [m3/s],0.49551
,           2,AirTerminal:SingleDuct:SeriesPIU:Reheat,SPACE1-1 VAV REHEAT,User-Specified Maximum Air Flow Rate [m3/s],0.49551
,           3,AirTerminal:SingleDuct:SeriesPIU:Reheat,SPACE1-1 VAV REHEAT,User-Specified Minimum Primary Air Flow Fraction,0.42300
,           4,AirTerminal:SingleDuct:SeriesPIU:Reheat,SPACE1-1 VAV REHEAT,User-Specified Maximum Reheat Water Flow Rate [m3/s],4.29125E-004
,           5,AirTerminal:SingleDuct:SeriesPIU:Reheat,SPACE1-1 VAV REHEAT,User-Specified Maximum Reheat Steam Flow Rate [m3/s],4.29125E-004
,           6,Fan:ConstantVolume,SPACE1-1 PIU FAN,User-Specified Maximum Flow Rate [m3/s],0.50000
,           7,AirTerminal:SingleDuct:ParallelPIU:Reheat,SPACE2-1 VAV REHEAT,User-Specified Maximum Primary Air Flow Rate [m3/s],0.34505
,           8,AirTerminal:SingleDuct:ParallelPIU:Reheat,SPACE2-1 VAV REHEAT,User-Specified Maximum Secondary Air Flow Rate [m3/s],0.34505
,           9,AirTerminal:SingleDuct:ParallelPIU:Reheat,SPACE2-1 VAV REHEAT,User-Specified Minimum Primary Air Flow Fraction,0.13679
,          10,AirTerminal:SingleDuct:ParallelPIU:Reheat,SPACE2-1 VAV REHEAT,User-Specified Fan On Flow Fraction,0.13679
,          11,AirTerminal:SingleDuct:ParallelPIU:Reheat,SPACE2-1 VAV REHEAT,User-Specified Maximum Reheat Water Flow Rate [m3/s],3.38703E-004
,          12,AirTerminal:SingleDuct:ParallelPIU:Reheat,SPACE2-1 VAV REHEAT,User-Specified Maximum Reheat Steam Flow Rate [m3/s],3.38703E-004
,          13,Fan:ConstantVolume,SPACE2-1 PIU FAN,User-Specified Maximum Flow Rate [m3/s],0.35000
,          14,AirTerminal:SingleDuct:SeriesPIU:Reheat,SPACE3-1 VAV REHEAT,User-Specified Maximum Primary Air Flow Rate [m3/s],0.48720
,          15,AirTerminal:SingleDuct:SeriesPIU:Reheat,SPACE3-1 VAV REHEAT,User-Specified Maximum Air Flow Rate [m3/s],0.48720
,          16,AirTerminal:SingleDuct:SeriesPIU:Reheat,SPACE3-1 VAV REHEAT,User-Specified Minimum Primary Air Flow Fraction,0.43700
,          17,AirTerminal:SingleDuct:SeriesPIU:Reheat,SPACE3-1 VAV REHEAT,User-Specified Maximum Reheat Water Flow Rate [m3/s],4.21983E-004
,          18,AirTerminal:SingleDuct:SeriesPIU:Reheat,SPACE3-1 VAV REHEAT,User-Specified Maximum Reheat Steam Flow Rate [m3/s],4.21983E-004
,          19,Fan:ConstantVolume,SPACE3-1 PIU FAN,User-Specified Maximum Flow Rate [m3/s],0.49000
,          20,AirTerminal:SingleDuct:ParallelPIU:Reheat,SPACE4-1 VAV REHEAT,User-Specified Maximum Primary Air Flow Rate [m3/s],0.28493
,          21,AirTerminal:SingleDuct:ParallelPIU:Reheat,SPACE4-1 VAV REHEAT,User-Specified Maximum Secondary Air Flow Rate [m3/s],0.28493
,          22,AirTerminal:SingleDuct:ParallelPIU:Reheat,SPACE4-1 VAV REHEAT,User-Specified Minimum Primary Air Flow Fraction,0.16566
,          23,AirTerminal:SingleDuct:ParallelPIU:Reheat,SPACE4-1 VAV REHEAT,User-Specified Fan On Flow Fraction,0.16566
,          24,AirTerminal:SingleDuct:ParallelPIU:Reheat,SPACE4-1 VAV REHEAT,User-Specified Maximum Reheat Water Flow Rate [m3/s],4.21983E-004
,          25,AirTerminal:SingleDuct:ParallelPIU:Reheat,SPACE4-1 VAV REHEAT,User-Specified Maximum Reheat Steam Flow Rate [m3/s],4.21983E-004
,          26,Fan:ConstantVolume,SPACE4-1 PIU FAN,User-Specified Maximum Flow Rate [m3/s],0.28000
,          27,AirTerminal:SingleDuct:ConstantVolume:Reheat,SPACE5-1 CV REHEAT,User-Specified Maximum Air Flow Rate [m3/s],0.67200
,          28,AirTerminal:SingleDuct:ConstantVolume:Reheat,SPACE5-1 CV REHEAT,User-Specified Maximum Reheat Water Flow Rate [m3/s],2.00000E-005
,          29,Fan:VariableVolume,RELIEF FAN 1,User-Specified Maximum Flow Rate [m3/s],2.28000
,          30,Fan:VariableVolume,SUPPLY FAN 1,User-Specified Maximum Flow Rate [m3/s],2.28000
,          31,PlantLoop,HOT WATER LOOP,Plant Loop Volume [m3],0.24000
,          32,Boiler:HotWater,CENTRAL BOILER,Design Size Nominal Capacity [W],85021.78421
,          33,Boiler:HotWater,CENTRAL BOILER,User-Specified Nominal Capacity [W],85021.77000
,          34,Boiler:HotWater,CENTRAL BOILER,Design Size Design Water Flow Rate [m3/s],1.84022E-003
,          35,Boiler:HotWater,CENTRAL BOILER,User-Specified Design Water Flow Rate [m3/s],1.84000E-003
,          36,PlantLoop,CHILLED WATER LOOP,Plant Loop Volume [m3],0.24000
,          37,Chiller:Electric,CENTRAL CHILLER,Design Size Nominal Capacity [W],51754.47746
,          38,Chiller:Electric,CENTRAL CHILLER,User-Specified Nominal Capacity [W],51754.43000
,          39,Chiller:Electric,CENTRAL CHILLER,Design Size Design Chilled Water Flow Rate [m3/s],1.84855E-003
,          40,Chiller:Electric,CENTRAL CHILLER,User-Specified Design Chilled Water Flow Rate [m3/s],2.46400E-003
,          41,Chiller:Electric,CENTRAL CHILLER,User-Specified Design Condenser Water Flow Rate [m3/s],1.10000E-003


Water Heating Coil Capacity Information

,,Component Type,Name,Nominal Total Capacity {W}
,           1,Coil:Heating:Water,SPACE1-1 ZONE COIL,20192.49
,           2,Coil:Heating:Water,SPACE2-1 ZONE COIL,15963.37
,           3,Coil:Heating:Water,SPACE3-1 ZONE COIL,19854.89
,           4,Coil:Heating:Water,SPACE4-1 ZONE COIL,13523.67
,           5,Coil:Heating:Water,SPACE5-1 ZONE COIL,5582.96
,           6,Coil:Heating:Water,MAIN HEATING COIL 1,13465.16


Water Cooling Coil Capacity Information

,,Component Type,Name,Nominal Total Capacity {W},Nominal Sensible Capacity {W},Nominal Latent Capacity {W},Nominal Sensible Heat Ratio,Nominal Coil UA Value {W/C},Nominal Coil Surface Area {m2}
,           1,Coil:Cooling:Water,MAIN COOLING COIL 1,54540.44,38052.50,16487.94,0.70,6074.30,61.61


Zone Surfaces

,,Zone Name,# Surfaces
,           1,PLENUM-1,10
,           2,SPACE1-1,8
,           3,SPACE2-1,8
,           4,SPACE3-1,8
,           5,SPACE4-1,7
,           6,SPACE5-1,6


Shading Surfaces

,,Number of Shading Surfaces,# Surfaces
,           1,Number of Shading Surfaces,4


HeatTransfer Surface

,,Surface Name,Surface Class,Base Surface,Heat Transfer Algorithm,Construction,Nominal U (w/o film coefs) {W/m2-K},Nominal U (with film coefs) {W/m2-K},Solar Diffusing,Area (Net) {m2},Area (Gross) {m2},Area (Sunlit Calc) {m2},Azimuth {deg},Tilt {deg},~Width {m},~Height {m},Reveal {m},ExtBoundCondition,ExtConvCoeffCalc,IntConvCoeffCalc,SunExposure,WindExposure,ViewFactorToGround,ViewFactorToSky,ViewFactorToGround-IR,ViewFactorToSky-IR,#Sides
,           1,WALL-1PF,Wall,,CTF - ConductionTransferFunction,WALL-1,0.408,0.384,,18.30,18.30,18.30,210.00,90.00,30.50,0.60,0.00,ExternalEnvironment,DOE-2,ASHRAETARP,SunExposed,WindExposed,0.50,0.50,0.52,0.48,4
,           2,WALL-1PR,Wall,,CTF - ConductionTransferFunction,WALL-1,0.408,0.384,,9.12,9.12,9.12,120.00,90.00,15.20,0.60,0.00,ExternalEnvironment,DOE-2,ASHRAETARP,SunExposed,WindExposed,0.50,0.50,0.50,0.50,4
,           3,WALL-1PB,Wall,,CTF - ConductionTransferFunction,WALL-1,0.408,0.384,,18.30,18.30,18.30,30.00,90.00,30.50,0.60,0.00,ExternalEnvironment,DOE-2,ASHRAETARP,SunExposed,WindExposed,0.50,0.50,0.50,0.50,4
,           4,WALL-1PL,Wall,,CTF - ConductionTransferFunction,WALL-1,0.408,0.384,,9.12,9.12,9.12,300.00,90.00,15.20,0.60,0.00,ExternalEnvironment,DOE-2,ASHRAETARP,SunExposed,WindExposed,0.50,0.50,0.50,0.50,4
,           5,C1-1P,Floor,,CTF - ConductionTransferFunction,CLNG-1,1.533,1.117,,99.16,99.16,99.16,30.00,180.00,30.50,5.23,0.00,C1-1,Other/Same Surface Int Conv,ASHRAETARP,NoSun,NoWind,0.00,0.00,1.00,0.00,4
,           6,C2-1P,Floor,,CTF - ConductionTransferFunction,CLNG-1,1.533,1.117,,42.74,42.74,42.74,300.00,180.00,15.20,5.16,0.00,C2-1,Other/Same Surface Int Conv,ASHRAETARP,NoSun,NoWind,0.00,0.00,1.00,0.00,4
,           7,C3-1P,Floor,,CTF - ConductionTransferFunction,CLNG-1,1.533,1.117,,96.48,96.48,96.48,74.22,180.00,5.16,23.10,0.00,C3-1,Other/Same Surface Int Conv,ASHRAETARP,NoSun,NoWind,0.00,0.00,1.00,0.00,4
,           8,C4-1P,Floor,,CTF - ConductionTransferFunction,CLNG-1,1.533,1.117,,42.74,42.74,42.74,120.00,180.00,15.20,5.23,0.00,C4-1,Other/Same Surface Int Conv,ASHRAETARP,NoSun,NoWind,0.00,0.00,1.00,0.00,4
,           9,C5-1P,Floor,,CTF - ConductionTransferFunction,CLNG-1,1.533,1.117,,182.49,182.49,182.49,30.00,180.00,23.10,7.90,0.00,C5-1,Other/Same Surface Int Conv,ASHRAETARP,NoSun,NoWind,0.00,0.00,1.00,0.00,4
,          10,TOP-1,Roof,,CTF - ConductionTransferFunction,ROOF-1,0.282,0.268,,463.60,463.60,463.60,210.00,0.00,30.50,15.20,0.00,ExternalEnvironment,DOE-2,ASHRAETARP,SunExposed,WindExposed,0.00,1.00,0.00,1.00,4
,          11,FRONT-1,Wall,,CTF - ConductionTransferFunction,WALL-1,0.408,0.384,,51.39,73.20,51.39,210.00,90.00,30.50,2.40,0.00,ExternalEnvironment,DOE-2,ASHRAETARP,SunExposed,WindExposed,0.50,0.50,0.61,0.39,4
,          12,WF-1,Window,FRONT-1,Window5 Detailed Fenestration,DBL CLR 3MM/13MM AIR,N/A,1.626,No,16.56,16.56,16.56,210.00,90.00,13.80,1.20,0.00,ExternalEnvironment,MoWitt,ASHRAETARP,SunExposed,WindExposed,0.50,0.50,0.78,0.22,4
,          13,DF-1,Window,FRONT-1,Window5 Detailed Fenestration,SGL GREY 3MM,N/A,1.626,No,5.25,5.25,5.25,210.00,90.00,2.50,2.10,0.00,ExternalEnvironment,MoWitt,ASHRAETARP,SunExposed,WindExposed,0.50,0.50,0.66,0.34,4
,          14,SB12,Wall,,CTF - ConductionTransferFunction,INT-WALL-1,2.811,1.978,,12.56,12.56,12.56,75.00,90.00,5.23,2.40,0.00,SB21,Other/Same Surface Int Conv,ASHRAETARP,NoSun,NoWind,0.00,0.50,0.50,0.50,4
,          15,SB14,Wall,,CTF - ConductionTransferFunction,INT-WALL-1,2.811,1.978,,12.56,12.56,12.56,345.00,90.00,5.23,2.40,0.00,SB41,Other/Same Surface Int Conv,ASHRAETARP,NoSun,NoWind,0.00,0.50,0.50,0.50,4
,          16,SB15,Wall,,CTF - ConductionTransferFunction,INT-WALL-1,2.811,1.978,,55.44,55.44,55.44,30.00,90.00,23.10,2.40,0.00,SB51,Other/Same Surface Int Conv,ASHRAETARP,NoSun,NoWind,0.00,0.50,0.50,0.50,4
,          17,F1-1,Floor,,CTF - ConductionTransferFunction,FLOOR-SLAB-1,12.894,3.119,,99.16,99.16,99.16,30.00,180.00,30.50,5.23,0.00,Ground,N/A-Ground,ASHRAETARP,NoSun,NoWind,0.00,0.00,1.00,0.00,4
,          18,C1-1,Roof,,CTF - ConductionTransferFunction,CLNG-1,1.533,1.189,,99.16,99.16,99.16,210.00,0.00,30.50,5.23,0.00,C1-1P,Other/Same Surface Int Conv,ASHRAETARP,NoSun,NoWind,0.00,1.00,0.00,1.00,4
,          19,RIGHT-1,Wall,,CTF - ConductionTransferFunction,WALL-1,0.408,0.384,,27.36,36.48,27.36,120.00,90.00,15.20,2.40,0.00,ExternalEnvironment,DOE-2,ASHRAETARP,SunExposed,WindExposed,0.50,0.50,0.50,0.50,4
,          20,WR-1,Window,RIGHT-1,Window5 Detailed Fenestration,WIN-CON-DOUBLEPANE,N/A,1.898,No,9.12,9.12,9.12,120.00,90.00,7.60,1.20,0.00,ExternalEnvironment,MoWitt,ASHRAETARP,SunExposed,WindExposed,0.50,0.50,0.50,0.50,4
,          21,SB21,Wall,,CTF - ConductionTransferFunction,INT-WALL-1,2.811,1.978,,12.56,12.56,12.56,255.00,90.00,5.23,2.40,0.00,SB12,Other/Same Surface Int Conv,ASHRAETARP,NoSun,NoWind,0.00,0.50,0.50,0.50,4
,          22,SB23,Wall,,CTF - ConductionTransferFunction,INT-WALL-1,2.811,1.978,,12.39,12.39,12.39,345.78,90.00,5.16,2.40,0.00,SB32,Other/Same Surface Int Conv,ASHRAETARP,NoSun,NoWind,0.00,0.50,0.50,0.50,4
,          23,SB25,Wall,,CTF - ConductionTransferFunction,INT-WALL-1,2.811,1.978,,18.96,18.96,18.96,300.00,90.00,7.90,2.40,0.00,SB52,Other/Same Surface Int Conv,ASHRAETARP,NoSun,NoWind,0.00,0.50,0.50,0.50,4
,          24,F2-1,Floor,,CTF - ConductionTransferFunction,FLOOR-SLAB-1,12.894,3.119,,42.74,42.74,42.74,300.00,180.00,15.20,5.16,0.00,Ground,N/A-Ground,ASHRAETARP,NoSun,NoWind,0.00,0.00,1.00,0.00,4
,          25,C2-1,Roof,,CTF - ConductionTransferFunction,CLNG-1,1.533,1.189,,42.74,42.74,42.74,120.00,0.00,15.20,5.23,0.00,C2-1P,Other/Same Surface Int Conv,ASHRAETARP,NoSun,NoWind,0.00,1.00,0.00,1.00,4
,          26,INTERNALMASSDIFINITION,Internal Mass,,CTF - ConductionTransferFunction,WALL-1,0.408,0.408,,100.00,100.00,100.00,0.00,90.00,100.00,1.00,0.00,INTERNALMASSDIFINITION,Other/Same Surface Int Conv,ASHRAETARP,NoSun,NoWind,0.00,0.50,1.00,0.00,0
,          27,BACK-1,Wall,,CTF - ConductionTransferFunction,WALL-1,0.408,0.384,,52.35,73.20,52.35,30.00,90.00,30.50,2.40,0.00,ExternalEnvironment,DOE-2,ASHRAETARP,SunExposed,WindExposed,0.50,0.50,0.50,0.50,4
,          28,WB-1,Window,BACK-1,Window5 Detailed Fenestration,DBL CLR 3MM/13MM AIR,N/A,1.626,No,16.44,16.44,16.44,30.00,90.00,13.70,1.20,0.00,ExternalEnvironment,MoWitt,ASHRAETARP,SunExposed,WindExposed,0.50,0.50,0.50,0.50,4
,          29,DB-1,Window,BACK-1,Window5 Detailed Fenestration,SGL GREY 3MM,N/A,1.626,No,4.41,4.41,4.41,30.00,90.00,2.10,2.10,0.00,ExternalEnvironment,MoWitt,ASHRAETARP,SunExposed,WindExposed,0.50,0.50,0.50,0.50,4
,          30,SB32,Wall,,CTF - ConductionTransferFunction,INT-WALL-1,2.811,1.978,,12.39,12.39,12.39,165.78,90.00,5.16,2.40,0.00,SB23,Other/Same Surface Int Conv,ASHRAETARP,NoSun,NoWind,0.00,0.50,0.50,0.50,4
,          31,SB34,Wall,,CTF - ConductionTransferFunction,INT-WALL-1,2.811,1.978,,12.39,12.39,12.39,254.22,90.00,5.16,2.40,0.00,SB43,Other/Same Surface Int Conv,ASHRAETARP,NoSun,NoWind,0.00,0.50,0.50,0.50,4
,          32,SB35,Wall,,CTF - ConductionTransferFunction,INT-WALL-1,2.811,1.978,,55.44,55.44,55.44,210.00,90.00,23.10,2.40,0.00,SB53,Other/Same Surface Int Conv,ASHRAETARP,NoSun,NoWind,0.00,0.50,0.50,0.50,4
,          33,F3-1,Floor,,CTF - ConductionTransferFunction,FLOOR-SLAB-1,12.894,3.119,,96.48,96.48,96.48,74.22,180.00,5.16,23.10,0.00,Ground,N/A-Ground,ASHRAETARP,NoSun,NoWind,0.00,0.00,1.00,0.00,4
,          34,C3-1,Roof,,CTF - ConductionTransferFunction,CLNG-1,1.533,1.189,,96.48,96.48,96.48,254.22,0.00,5.16,30.50,0.00,C3-1P,Other/Same Surface Int Conv,ASHRAETARP,NoSun,NoWind,0.00,1.00,0.00,1.00,4
,          35,LEFT-1,Wall,,CTF - ConductionTransferFunction,WALL-1,0.408,0.384,,27.36,36.48,27.36,300.00,90.00,15.20,2.40,0.00,ExternalEnvironment,DOE-2,ASHRAETARP,SunExposed,WindExposed,0.50,0.50,0.50,0.50,4
,          36,WL-1,Window,LEFT-1,Window5 Detailed Fenestration,DBL CLR 3MM/13MM AIR,N/A,1.626,No,9.12,9.12,9.12,300.00,90.00,7.60,1.20,0.00,ExternalEnvironment,MoWitt,ASHRAETARP,SunExposed,WindExposed,0.50,0.50,0.50,0.50,4
,          37,SB41,Wall,,CTF - ConductionTransferFunction,INT-WALL-1,2.811,1.978,,12.56,12.56,12.56,165.00,90.00,5.23,2.40,0.00,SB14,Other/Same Surface Int Conv,ASHRAETARP,NoSun,NoWind,0.00,0.50,0.50,0.50,4
,          38,SB43,Wall,,CTF - ConductionTransferFunction,INT-WALL-1,2.811,1.978,,12.39,12.39,12.39,74.22,90.00,5.16,2.40,0.00,SB34,Other/Same Surface Int Conv,ASHRAETARP,NoSun,NoWind,0.00,0.50,0.50,0.50,4
,          39,SB45,Wall,,CTF - ConductionTransferFunction,INT-WALL-1,2.811,1.978,,18.96,18.96,18.96,120.00,90.00,7.90,2.40,0.00,SB54,Other/Same Surface Int Conv,ASHRAETARP,NoSun,NoWind,0.00,0.50,0.50,0.50,4
,          40,F4-1,Floor,,CTF - ConductionTransferFunction,FLOOR-SLAB-1,12.894,3.119,,42.74,42.74,42.74,120.00,180.00,15.20,5.23,0.00,Ground,N/A-Ground,ASHRAETARP,NoSun,NoWind,0.00,0.00,1.00,0.00,4
,          41,C4-1,Roof,,CTF - ConductionTransferFunction,CLNG-1,1.533,1.189,,42.74,42.74,42.74,300.00,0.00,15.20,5.16,0.00,C4-1P,Other/Same Surface Int Conv,ASHRAETARP,NoSun,NoWind,0.00,1.00,0.00,1.00,4
,          42,SB51,Wall,,CTF - ConductionTransferFunction,INT-WALL-1,2.811,1.978,,55.44,55.44,55.44,210.00,90.00,23.10,2.40,0.00,SB15,Other/Same Surface Int Conv,ASHRAETARP,NoSun,NoWind,0.00,0.50,0.50,0.50,4
,          43,SB52,Wall,,CTF - ConductionTransferFunction,INT-WALL-1,2.811,1.978,,18.96,18.96,18.96,120.00,90.00,7.90,2.40,0.00,SB25,Other/Same Surface Int Conv,ASHRAETARP,NoSun,NoWind,0.00,0.50,0.50,0.50,4
,          44,SB53,Wall,,CTF - ConductionTransferFunction,INT-WALL-1,2.811,1.978,,55.44,55.44,55.44,30.00,90.00,23.10,2.40,0.00,SB35,Other/Same Surface Int Conv,ASHRAETARP,NoSun,NoWind,0.00,0.50,0.50,0.50,4
,          45,SB54,Wall,,CTF - ConductionTransferFunction,INT-WALL-1,2.811,1.978,,18.96,18.96,18.96,300.00,90.00,7.90,2.40,0.00,SB45,Other/Same Surface Int Conv,ASHRAETARP,NoSun,NoWind,0.00,0.50,0.50,0.50,4
,          46,F5-1,Floor,,CTF - ConductionTransferFunction,FLOOR-SLAB-1,12.894,3.119,,182.49,182.49,182.49,30.00,180.00,23.10,7.90,0.00,Ground,N/A-Ground,ASHRAETARP,NoSun,NoWind,0.00,0.00,1.00,0.00,4
,          47,C5-1,Roof,,CTF - ConductionTransferFunction,CLNG-1,1.533,1.189,,182.49,182.49,182.49,210.00,0.00,23.10,7.90,0.00,C5-1P,Other/Same Surface Int Conv,ASHRAETARP,NoSun,NoWind,0.00,1.00,0.00,1.00,4


Shading Surface

,,Surface Name,Surface Class,Base Surface,Heat Transfer Algorithm,Transmittance Schedule,Min Schedule Value,Max Schedule Value,Solar Diffusing,Area (Net) {m2},Area (Gross) {m2},Area (Sunlit Calc) {m2},Azimuth {deg},Tilt {deg},~Width {m},~Height {m},Reveal {m},ExtBoundCondition,ExtConvCoeffCalc,IntConvCoeffCalc,SunExposure,WindExposure,ViewFactorToGround,ViewFactorToSky,ViewFactorToGround-IR,ViewFactorToSky-IR,#Sides
,           1,MAIN SOUTH OVERHANG,Shading,FRONT-1,None,SHADETRANSSCH,0.00,0.00,,25.74,25.74,25.74,210.00,180.00,19.80,1.30,,,,,,,,,,,4
,           2,Mir-MAIN SOUTH OVERHANG,Shading,FRONT-1,None,SHADETRANSSCH,0.00,0.00,,25.74,25.74,25.74,30.00,0.00,19.80,1.30,,,,,,,,,,,4
,           3,SOUTH DOOR OVERHANG,Shading,FRONT-1,None,SHADETRANSSCH,0.00,0.00,,6.20,6.20,6.20,210.00,180.00,3.10,2.00,,,,,,,,,,,4
,           4,Mir-SOUTH DOOR OVERHANG,Shading,FRONT-1,None,SHADETRANSSCH,0.00,0.00,,6.20,6.20,6.20,30.00,0.00,3.10,2.00,,,,,,,,,,,4


Environment

,,Environment Name,Environment Type,Start Date,End Date,Start DayOfWeek,Duration {#days},Source:Start DayOfWeek,Use Daylight Saving,Use Holidays,Apply Weekend Holiday Rule,Use Rain Values,Use Snow Values
,           1,Shanghai Shanghai CHN CSWD WMO#=583620,WeatherFileRunPeriod,07/14,07/14,Monday,1,Use RunPeriod Specified Day,No,No,No,Yes,Yes


Environment:Daylight Saving

,,Daylight Saving Indicator,Source,Start Date,End Date
,           1,No,RunPeriod Object,,


Environment:WarmupDays

,,NumberofWarmupDays
,           1,6


Warmup Convergence Information

,,Zone Name,Environment Type/Name,Average Warmup Temperature Difference {deltaC},Std Dev Warmup Temperature Difference {deltaC},Max Temperature Pass/Fail Convergence,Min Temperature Pass/Fail Convergence,Average Warmup Load Difference {W},Std Dev Warmup Load Difference {W},Heating Load Pass/Fail Convergence,Cooling Load Pass/Fail Convergence
,           1,PLENUM-1,RunPeriod: Shanghai Shanghai CHN CSWD WMO#=583620,5.2917050844E-002,2.8109401022E-002,Pass,Pass,0.0000000000,0.0000000000,Pass,Pass
,           2,SPACE1-1,RunPeriod: Shanghai Shanghai CHN CSWD WMO#=583620,4.9306676627E-002,7.1353905233E-002,Pass,Pass,2.4878421459E-002,0.2222338321,Pass,Pass
,           3,SPACE2-1,RunPeriod: Shanghai Shanghai CHN CSWD WMO#=583620,4.4452595777E-002,5.1103722489E-002,Pass,Pass,2.4878421459E-002,0.2222338321,Pass,Pass
,           4,SPACE3-1,RunPeriod: Shanghai Shanghai CHN CSWD WMO#=583620,5.1195675725E-002,7.3792506580E-002,Pass,Pass,2.4878421459E-002,0.2222338321,Pass,Pass
,           5,SPACE4-1,RunPeriod: Shanghai Shanghai CHN CSWD WMO#=583620,5.9657917684E-002,7.2848768935E-002,Pass,Pass,2.4878421459E-002,0.2222338321,Pass,Pass
,           6,SPACE5-1,RunPeriod: Shanghai Shanghai CHN CSWD WMO#=583620,4.5570290000E-002,7.6514837920E-002,Pass,Pass,2.4878421459E-002,0.2222338321,Pass,Pass


----------------------------------------------------------------------------------------------------
REPORT:,Economics Results Summary Report
FOR:,Entire Facility
Annual Cost

,,Electric,Gas,Other,Total
,Cost [$],91.14,0.00,0.00,91.14
,Cost per Total Building Area [$/m2],0.10,0.00,0.00,0.10
,Cost per Net Conditioned Building Area [$/m2],0.10,0.00,0.00,0.10


Tariff Summary

,,Selected,Qualified,Meter,Buy or Sell,Group,Annual Cost ($)
,TOUBEIJING,Yes,Yes,ELECTRICITY:FACILITY,Buy,(none),91.14


----------------------------------------------------------------------------------------------------
REPORT:,Tariff Report
FOR:,TOUBEIJING
General

,,Parameter
,Meter,ELECTRICITY:FACILITY
,Selected,Yes
,Group,(none)
,Qualified,Yes
,Disqualifier,n/a
,Computation,automatic
,Units,kWh


Categories

,,Jan,Feb,Mar,Apr,May,Jun,Jul,Aug,Sep,Oct,Nov,Dec,Sum,Max
,EnergyCharges ($),0.00,0.00,0.00,0.00,0.00,0.00,91.14,0.00,0.00,0.00,0.00,0.00,91.14,91.14
,DemandCharges ($),0.00,0.00,0.00,0.00,0.00,0.00,0.00,0.00,0.00,0.00,0.00,0.00,0.00,0.00
,ServiceCharges ($),0.00,0.00,0.00,0.00,0.00,0.00,0.00,0.00,0.00,0.00,0.00,0.00,0.00,0.00
,Basis ($),0.00,0.00,0.00,0.00,0.00,0.00,91.14,0.00,0.00,0.00,0.00,0.00,91.14,91.14
,Adjustment ($),0.00,0.00,0.00,0.00,0.00,0.00,0.00,0.00,0.00,0.00,0.00,0.00,0.00,0.00
,Surcharge ($),0.00,0.00,0.00,0.00,0.00,0.00,0.00,0.00,0.00,0.00,0.00,0.00,0.00,0.00
,Subtotal ($),0.00,0.00,0.00,0.00,0.00,0.00,91.14,0.00,0.00,0.00,0.00,0.00,91.14,91.14
,Taxes ($),0.00,0.00,0.00,0.00,0.00,0.00,0.00,0.00,0.00,0.00,0.00,0.00,0.00,0.00
,Total ($),0.00,0.00,0.00,0.00,0.00,0.00,91.14,0.00,0.00,0.00,0.00,0.00,91.14,91.14


Charges

,,Jan,Feb,Mar,Apr,May,Jun,Jul,Aug,Sep,Oct,Nov,Dec,Sum,Max,Category
,WHOLEYEARONPEAK ($),0.00,0.00,0.00,0.00,0.00,0.00,31.01,0.00,0.00,0.00,0.00,0.00,31.01,31.01,EnergyCharges
,WHOLEYEARONOFF ($),0.00,0.00,0.00,0.00,0.00,0.00,1.35,0.00,0.00,0.00,0.00,0.00,1.35,1.35,EnergyCharges
,WHOLEYEARONSHOULDER ($),0.00,0.00,0.00,0.00,0.00,0.00,27.77,0.00,0.00,0.00,0.00,0.00,27.77,27.77,EnergyCharges


Corresponding Sources for Charges

,,Jan,Feb,Mar,Apr,May,Jun,Jul,Aug,Sep,Oct,Nov,Dec,Sum,Max
,PeakEnergy,0.00,0.00,0.00,0.00,0.00,0.00,10.62,0.00,0.00,0.00,0.00,0.00,10.62,10.62
,ShoulderEnergy,0.00,0.00,0.00,0.00,0.00,0.00,32.30,0.00,0.00,0.00,0.00,0.00,32.30,32.30
,OffPeakEnergy,0.00,0.00,0.00,0.00,0.00,0.00,3.68,0.00,0.00,0.00,0.00,0.00,3.68,3.68


Ratchets

,,Jan,Feb,Mar,Apr,May,Jun,Jul,Aug,Sep,Oct,Nov,Dec,Sum,Max


Qualifies

,,Jan,Feb,Mar,Apr,May,Jun,Jul,Aug,Sep,Oct,Nov,Dec,Sum,Max


Native Variables

,,Jan,Feb,Mar,Apr,May,Jun,Jul,Aug,Sep,Oct,Nov,Dec,Sum,Max
,TotalEnergy,0.00,0.00,0.00,0.00,0.00,0.00,120.78,0.00,0.00,0.00,0.00,0.00,120.78,120.78
,TotalDemand,0.00,0.00,0.00,0.00,0.00,0.00,11.70,0.00,0.00,0.00,0.00,0.00,11.70,11.70
,PeakEnergy,0.00,0.00,0.00,0.00,0.00,0.00,10.62,0.00,0.00,0.00,0.00,0.00,10.62,10.62
,PeakDemand,0.00,0.00,0.00,0.00,0.00,0.00,10.98,0.00,0.00,0.00,0.00,0.00,10.98,10.98
,ShoulderEnergy,0.00,0.00,0.00,0.00,0.00,0.00,32.30,0.00,0.00,0.00,0.00,0.00,32.30,32.30
,ShoulderDemand,0.00,0.00,0.00,0.00,0.00,0.00,11.20,0.00,0.00,0.00,0.00,0.00,11.20,11.20
,OffPeakEnergy,0.00,0.00,0.00,0.00,0.00,0.00,3.68,0.00,0.00,0.00,0.00,0.00,3.68,3.68
,OffPeakDemand,0.00,0.00,0.00,0.00,0.00,0.00,0.4600,0.00,0.00,0.00,0.00,0.00,0.46,0.46
,MidPeakEnergy,0.00,0.00,0.00,0.00,0.00,0.00,74.17,0.00,0.00,0.00,0.00,0.00,74.17,74.17
,MidPeakDemand,0.00,0.00,0.00,0.00,0.00,0.00,11.70,0.00,0.00,0.00,0.00,0.00,11.70,11.70
,PeakExceedsOffPeak,0.00,0.00,0.00,0.00,0.00,0.00,0.00,0.00,0.00,0.00,0.00,0.00,0.00,0.00
,OffPeakExceedsPeak,0.00,0.00,0.00,0.00,0.00,0.00,0.00,0.00,0.00,0.00,0.00,0.00,0.00,0.00
,PeakExceedsMidPeak,0.00,0.00,0.00,0.00,0.00,0.00,0.00,0.00,0.00,0.00,0.00,0.00,0.00,0.00
,MidPeakExceedsPeak,0.00,0.00,0.00,0.00,0.00,0.00,0.7201,0.00,0.00,0.00,0.00,0.00,0.72,0.72
,PeakExceedsShoulder,0.00,0.00,0.00,0.00,0.00,0.00,0.00,0.00,0.00,0.00,0.00,0.00,0.00,0.00
,ShoulderExceedsPeak,0.00,0.00,0.00,0.00,0.00,0.00,0.2201,0.00,0.00,0.00,0.00,0.00,0.22,0.22
,IsWinter,0.00,0.00,0.00,0.00,0.00,0.00,1.00,0.00,0.00,0.00,0.00,0.00,1.00,1.00
,IsNotWinter,1.00,1.00,1.00,1.00,1.00,1.00,0.00,1.00,1.00,1.00,1.00,1.00,11.00,1.00
,IsSpring,0.00,0.00,0.00,0.00,0.00,0.00,0.00,0.00,0.00,0.00,0.00,0.00,0.00,0.00
,IsNotSpring,1.00,1.00,1.00,1.00,1.00,1.00,1.00,1.00,1.00,1.00,1.00,1.00,12.00,1.00
,IsSummer,0.00,0.00,0.00,0.00,0.00,0.00,0.00,0.00,0.00,0.00,0.00,0.00,0.00,0.00
,IsNotSummer,1.00,1.00,1.00,1.00,1.00,1.00,1.00,1.00,1.00,1.00,1.00,1.00,12.00,1.00
,IsAutumn,0.00,0.00,0.00,0.00,0.00,0.00,0.00,0.00,0.00,0.00,0.00,0.00,0.00,0.00
,IsNotAutumn,1.00,1.00,1.00,1.00,1.00,1.00,1.00,1.00,1.00,1.00,1.00,1.00,12.00,1.00
,PeakAndShoulderEnergy,0.00,0.00,0.00,0.00,0.00,0.00,42.93,0.00,0.00,0.00,0.00,0.00,42.93,42.93
,PeakAndShoulderDemand,0.00,0.00,0.00,0.00,0.00,0.00,11.20,0.00,0.00,0.00,0.00,0.00,11.20,11.20
,PeakAndMidPeakEnergy,0.00,0.00,0.00,0.00,0.00,0.00,84.79,0.00,0.00,0.00,0.00,0.00,84.79,84.79
,PeakAndMidPeakDemand,0.00,0.00,0.00,0.00,0.00,0.00,11.70,0.00,0.00,0.00,0.00,0.00,11.70,11.70
,ShoulderAndOffPeakEnergy,0.00,0.00,0.00,0.00,0.00,0.00,35.99,0.00,0.00,0.00,0.00,0.00,35.99,35.99
,ShoulderAndOffPeakDemand,0.00,0.00,0.00,0.00,0.00,0.00,11.20,0.00,0.00,0.00,0.00,0.00,11.20,11.20
,PeakAndOffPeakEnergy,0.00,0.00,0.00,0.00,0.00,0.00,14.30,0.00,0.00,0.00,0.00,0.00,14.30,14.30
,PeakAndOffPeakDemand,0.00,0.00,0.00,0.00,0.00,0.00,10.98,0.00,0.00,0.00,0.00,0.00,10.98,10.98
,RealTimePriceCosts,0.00,0.00,0.00,0.00,0.00,0.00,0.00,0.00,0.00,0.00,0.00,0.00,0.00,0.00
,AboveCustomerBaseCosts,0.00,0.00,0.00,0.00,0.00,0.00,0.00,0.00,0.00,0.00,0.00,0.00,0.00,0.00
,BelowCustomerBaseCosts,0.00,0.00,0.00,0.00,0.00,0.00,0.00,0.00,0.00,0.00,0.00,0.00,0.00,0.00
,AboveCustomerBaseEnergy,0.00,0.00,0.00,0.00,0.00,0.00,0.00,0.00,0.00,0.00,0.00,0.00,0.00,0.00
,BelowCustomerBaseEnergy,0.00,0.00,0.00,0.00,0.00,0.00,0.00,0.00,0.00,0.00,0.00,0.00,0.00,0.00


Other Variables

,,Jan,Feb,Mar,Apr,May,Jun,Jul,Aug,Sep,Oct,Nov,Dec,Sum,Max
,NotIncluded,0.00,0.00,0.00,0.00,0.00,0.00,0.00,0.00,0.00,0.00,0.00,0.00,0.00,0.00


Computation -  Automatic
WHOLEYEARONPEAK FROM MidPeakEnergy
WHOLEYEARONOFF FROM OffPeakEnergy
WHOLEYEARONSHOULDER FROM ShoulderEnergy
EnergyCharges SUM WHOLEYEARONPEAK WHOLEYEARONOFF WHOLEYEARONPEAK WHOLEYEARONSHOULDER
Basis SUM EnergyCharges DemandCharges ServiceCharges
Subtotal SUM Basis Adjustment Surcharge
Total SUM Subtotal Taxes
